user_id,video_id,video_duration,watch_time,liked,commented,subscribed_after,category,device,watch_time_of_day,recommended,clicked,timestamp,watch_percent
20372,5344,2109,2109.0,0,0,0,Lifestyle,TV,Evening,1,0,2024-08-24 08:27:43,1.0
27591,21519,2275,1019.0,0,0,0,Gaming,TV,Afternoon,1,1,2025-05-08 01:05:03,0.4479120879120879
45289,43251,220,220.0,0,0,1,Gaming,TV,Afternoon,1,0,2025-04-06 04:52:06,1.0
76500,40564,35,35.0,0,0,0,Music,Desktop,Afternoon,0,0,2023-07-24 15:12:13,1.0
51169,12063,3166,464.0,0,0,0,Sports,TV,Afternoon,1,0,2023-02-20 20:49:52,0.14655716993051168
42944,7812,2757,255.0,1,0,0,Lifestyle,Mobile,Evening,0,0,2023-07-17 06:34:47,0.09249183895538629
98849,25168,2981,2112.0,1,0,0,Education,TV,Night,0,0,2024-03-27 23:33:19,0.7084870848708487
34295,1588,150,150.0,0,0,0,Comedy,Desktop,Night,0,1,2024-10-25 21:09:04,1.0
6369,9586,2436,2436.0,0,0,0,Lifestyle,Tablet,Morning,0,0,2025-06-03 13:03:08,1.0
34971,14551,2140,2140.0,0,1,0,Gaming,Desktop,Evening,1,0,2023-08-04 10:05:23,1.0
44114,39342,1225,1225.0,0,1,0,Tech,TV,Night,1,0,2025-06-10 20:49:04,1.0
37534,27614,327,327.0,1,0,0,Education,Mobile,Night,1,0,2023-08-18 07:56:17,1.0
70651,39795,440,440.0,1,1,0,Comedy,TV,Afternoon,0,1,2023-10-22 05:12:35,1.0
6981,15290,2661,2632.0,0,0,0,Gaming,TV,Night,1,1,2023-08-13 23:27:54,0.9891018414130026
78943,9042,410,410.0,1,0,0,Tech,Desktop,Afternoon,1,0,2023-09-16 14:44:40,1.0
46692,46391,1632,1632.0,0,0,0,Gaming,Desktop,Evening,0,0,2024-09-08 22:26:49,1.0
64021,18978,1734,1719.0,0,1,0,Education,Mobile,Evening,0,0,2023-12-22 22:02:47,0.9913494809688581
11550,37018,31,31.0,0,0,0,Gaming,Desktop,Morning,0,0,2025-05-30 12:37:14,1.0
23271,40011,692,38.0,0,0,0,Music,Mobile,Night,0,0,2024-10-03 00:33:05,0.05491329479768786
78259,22618,1214,174.0,0,0,1,Lifestyle,TV,Morning,0,0,2025-06-03 04:57:16,0.14332784184514002
39497,31030,2741,2741.0,1,0,0,Tech,Tablet,Evening,1,0,2023-09-22 22:23:01,1.0
66974,14242,2807,2196.0,0,0,0,Gaming,Tablet,Night,0,1,2023-10-05 19:47:23,0.7823298895618097
78790,13187,45,45.0,1,0,0,Music,TV,Evening,0,0,2024-02-24 18:23:30,1.0
94579,26298,3471,3214.0,0,0,0,Education,Mobile,Evening,0,1,2024-01-05 21:08:03,0.9259579371938923
30917,4179,826,826.0,0,0,0,Music,TV,Morning,0,0,2023-10-16 11:07:31,1.0
23395,33781,3108,2202.0,0,0,0,Education,Tablet,Evening,0,0,2024-04-12 20:06:20,0.7084942084942085
6429,23289,1385,1385.0,1,0,0,Comedy,Mobile,Night,0,0,2023-09-16 01:52:15,1.0
48378,40017,1332,1332.0,0,0,0,Gaming,Mobile,Evening,0,1,2024-05-19 16:28:22,1.0
91586,15559,2901,884.0,1,0,0,Tech,Tablet,Afternoon,0,0,2023-11-18 14:31:13,0.3047225094794898
24998,31292,3535,825.0,1,0,0,Education,Desktop,Morning,1,0,2024-12-08 11:02:13,0.2333804809052334
61426,8347,1616,943.0,0,0,0,Tech,Mobile,Morning,1,0,2025-01-28 07:35:32,0.5835396039603961
81364,43322,3005,324.0,0,0,0,Lifestyle,Desktop,Night,0,0,2024-12-30 23:27:11,0.10782029950083195
85360,37591,2143,1099.0,1,0,0,Sports,Tablet,Afternoon,0,0,2023-05-17 05:43:46,0.512832477834811
61136,6755,2394,761.0,0,0,0,News,Tablet,Evening,1,0,2024-01-22 08:42:41,0.3178780284043442
21981,44634,2899,2899.0,1,0,0,Comedy,Tablet,Night,0,0,2023-09-30 05:54:53,1.0
56173,16897,1739,1739.0,1,0,0,Education,Tablet,Afternoon,1,0,2025-07-20 03:09:48,1.0
75826,14043,359,359.0,0,0,0,Lifestyle,TV,Evening,1,0,2025-07-18 13:33:22,1.0
86939,18631,378,378.0,0,0,0,Comedy,Desktop,Morning,1,0,2024-01-03 12:06:15,1.0
42861,10494,646,399.0,0,0,0,Education,Mobile,Evening,1,0,2025-08-21 15:09:00,0.6176470588235294
92309,3725,552,552.0,0,0,0,Lifestyle,Tablet,Afternoon,0,0,2024-06-17 22:30:30,1.0
30190,25013,773,543.0,0,0,0,Comedy,Mobile,Evening,0,0,2025-08-30 16:27:01,0.702457956015524
95484,35028,342,342.0,1,0,0,Education,Tablet,Night,1,0,2024-05-27 11:19:23,1.0
61878,41369,2495,2495.0,1,0,1,Education,Tablet,Morning,1,0,2025-09-07 21:09:14,1.0
23107,5793,3223,763.0,0,0,0,Music,Desktop,Night,0,0,2025-02-11 12:54:40,0.23673596028544833
56944,1731,1305,1191.0,1,0,0,Lifestyle,Mobile,Morning,0,0,2024-01-01 14:01:45,0.9126436781609195
98583,15510,1933,431.0,0,0,0,Education,Desktop,Night,0,0,2023-02-14 14:01:56,0.22296947749612003
70643,18386,1774,1068.0,0,0,0,Sports,TV,Morning,1,0,2025-05-17 04:14:09,0.6020293122886133
20950,47291,845,44.0,0,0,0,Sports,Desktop,Morning,0,0,2025-04-03 23:01:23,0.05207100591715976
50984,29171,1815,884.0,0,0,0,Lifestyle,Tablet,Afternoon,1,0,2023-06-17 19:41:59,0.48705234159779615
94349,30943,2351,2015.0,1,0,0,Comedy,Desktop,Afternoon,0,0,2024-07-31 22:21:56,0.8570820927264994
86780,10817,3350,1560.0,1,0,0,Gaming,Tablet,Afternoon,0,0,2024-07-09 11:42:45,0.46567164179104475
66065,1701,1742,1676.0,0,0,0,Education,Mobile,Night,1,0,2024-06-22 18:56:57,0.9621125143513203
4425,25964,291,291.0,0,0,0,Tech,Tablet,Night,0,1,2024-10-19 23:46:21,1.0
93232,8290,2117,2117.0,0,0,0,Gaming,Tablet,Evening,1,1,2024-04-13 12:31:47,1.0
3560,16151,1901,715.0,0,0,0,Education,TV,Evening,0,0,2025-05-09 04:05:02,0.37611783271962124
19261,26681,3331,1403.0,0,0,0,Gaming,TV,Afternoon,1,0,2023-05-09 19:38:57,0.42119483638546984
32714,39632,1617,494.0,0,0,0,Lifestyle,TV,Morning,1,0,2024-03-21 23:53:34,0.30550401978973407
47626,5273,867,85.0,1,0,0,News,Desktop,Morning,0,0,2024-09-05 06:52:36,0.09803921568627451
85658,5850,918,918.0,0,0,0,Lifestyle,Desktop,Afternoon,0,0,2023-07-08 17:10:03,1.0
83871,31888,2949,925.0,0,0,0,Education,Tablet,Night,0,0,2023-02-17 02:40:11,0.3136656493726687
47652,46378,2802,1696.0,0,0,0,News,Desktop,Evening,0,1,2023-03-09 00:27:08,0.6052819414703783
3322,36253,2584,2226.0,0,0,0,Tech,TV,Morning,0,1,2025-03-13 13:19:05,0.8614551083591331
43618,48701,3441,684.0,0,0,0,News,Mobile,Evening,0,0,2024-07-03 21:06:34,0.1987794245858762
36721,37229,3296,183.0,0,1,0,Education,Mobile,Night,1,0,2024-07-15 06:33:14,0.05552184466019418
10377,3671,2735,2702.0,1,0,0,Education,Tablet,Evening,1,0,2023-06-10 13:29:25,0.9879341864716636
32026,30988,1821,366.0,1,0,0,Gaming,Desktop,Morning,0,0,2024-04-10 06:14:20,0.20098846787479407
88863,2032,2772,1278.0,0,0,0,Lifestyle,Desktop,Afternoon,1,0,2023-08-30 02:37:56,0.461038961038961
39365,15342,441,441.0,0,0,0,Music,Tablet,Night,0,0,2023-09-07 14:20:55,1.0
13859,46910,516,516.0,0,0,0,Lifestyle,Tablet,Night,1,0,2023-08-18 22:32:32,1.0
78225,13096,2429,92.0,1,0,0,Gaming,Mobile,Night,1,0,2023-07-10 19:01:22,0.03787566899958831
12406,28832,1940,1940.0,1,0,0,Lifestyle,Tablet,Evening,1,0,2024-05-23 14:00:03,1.0
90628,13321,935,935.0,1,0,0,Comedy,Tablet,Afternoon,0,0,2025-07-28 08:01:02,1.0
58267,10850,3430,986.0,0,0,0,Tech,Tablet,Evening,0,0,2024-04-11 14:41:49,0.287463556851312
40577,49532,207,207.0,1,0,0,Lifestyle,Tablet,Afternoon,1,0,2025-07-28 17:09:59,1.0
65340,5245,2264,728.0,0,0,0,News,TV,Afternoon,1,0,2023-03-25 03:22:39,0.3215547703180212
89462,34170,3193,405.0,1,1,0,Comedy,Tablet,Afternoon,0,0,2023-06-19 04:15:09,0.12683996241778892
51843,6997,1123,1123.0,0,0,0,Gaming,Mobile,Morning,1,0,2024-11-20 02:10:43,1.0
87064,4708,769,490.0,1,0,0,Comedy,Desktop,Morning,0,0,2023-08-11 21:21:31,0.6371911573472041
28802,44524,193,193.0,0,0,0,Sports,TV,Morning,0,0,2023-10-20 04:22:20,1.0
13109,20449,1354,1354.0,0,0,1,Comedy,Tablet,Morning,0,1,2024-02-23 13:16:32,1.0
39896,41508,356,356.0,0,0,0,Education,TV,Evening,0,0,2023-06-21 21:46:11,1.0
76895,18845,1951,1370.0,0,0,0,Lifestyle,Desktop,Afternoon,1,0,2024-04-02 05:52:40,0.7022039979497694
96436,37985,3127,1992.0,0,0,0,Comedy,TV,Night,0,0,2024-11-06 08:25:43,0.6370322993284298
38799,881,3477,3436.0,0,0,0,Comedy,Tablet,Night,0,0,2023-06-18 07:22:29,0.9882082254817371
79910,21569,686,588.0,0,0,0,Tech,Desktop,Evening,1,0,2024-05-14 04:31:49,0.8571428571428571
25868,42925,218,218.0,1,0,0,Gaming,Tablet,Morning,1,0,2023-06-19 08:46:23,1.0
44155,38851,3512,3262.0,0,0,0,Gaming,TV,Night,1,1,2024-07-01 08:58:12,0.9288154897494305
79212,22186,2545,1384.0,0,0,0,Comedy,Mobile,Night,1,0,2023-06-16 21:08:14,0.543811394891945
61698,20229,2368,624.0,0,0,1,News,TV,Night,0,0,2025-02-11 08:47:09,0.2635135135135135
51447,23645,2526,2526.0,0,0,0,Comedy,TV,Morning,0,0,2023-01-15 05:19:09,1.0
95648,14836,2574,2574.0,0,1,0,Lifestyle,Mobile,Afternoon,0,1,2025-04-06 08:36:52,1.0
95690,6919,151,151.0,0,0,0,Comedy,TV,Afternoon,1,1,2025-04-19 18:34:03,1.0
50411,25650,837,837.0,0,1,0,Comedy,Desktop,Afternoon,1,1,2023-06-13 19:35:52,1.0
57469,9698,1016,1016.0,0,1,0,Sports,Desktop,Evening,0,0,2025-05-27 11:35:35,1.0
86792,47359,1108,92.0,1,0,1,Education,Tablet,Morning,0,1,2024-08-23 14:35:22,0.08303249097472924
48911,414,126,126.0,0,0,0,News,Desktop,Afternoon,1,0,2024-07-20 10:32:42,1.0
69340,24058,3487,1983.0,0,0,0,Lifestyle,TV,Afternoon,0,0,2025-05-16 18:59:20,0.568683682248351
14865,24424,2934,311.0,0,0,0,News,TV,Night,0,0,2024-10-23 10:21:21,0.1059986366734833
22992,18319,1228,450.0,1,0,0,Education,Tablet,Evening,0,1,2024-01-08 18:12:11,0.36644951140065146
40257,46419,1045,1045.0,0,0,0,Education,TV,Evening,1,1,2025-09-24 04:45:54,1.0
6315,21657,1772,1755.0,0,0,0,Tech,TV,Night,1,1,2025-07-31 07:43:49,0.9904063205417607
76345,31283,1134,1134.0,0,0,0,Lifestyle,Mobile,Evening,0,0,2024-12-14 17:30:21,1.0
31979,17649,1132,1132.0,0,0,0,Lifestyle,Tablet,Night,1,1,2024-12-16 09:08:37,1.0
5627,41642,1589,267.0,0,0,0,Music,Desktop,Morning,0,0,2025-01-28 09:26:56,0.16803020767778476
46200,12688,2178,2178.0,0,0,0,Music,Desktop,Evening,0,1,2024-01-07 17:56:48,1.0
87330,35744,1538,1538.0,0,0,0,Lifestyle,Desktop,Afternoon,0,0,2024-06-17 18:25:35,1.0
69590,19601,3447,545.0,1,0,0,News,Desktop,Afternoon,0,1,2023-01-26 00:12:43,0.15810850014505368
69867,21072,649,649.0,1,0,0,Music,Desktop,Evening,0,1,2023-12-23 02:03:17,1.0
5838,8392,512,512.0,1,0,0,News,TV,Morning,1,0,2023-01-18 13:53:15,1.0
96115,40104,2345,348.0,0,0,0,Education,Tablet,Morning,0,0,2024-09-08 02:02:12,0.14840085287846483
18641,38552,3120,1856.0,0,0,1,Tech,Mobile,Morning,0,0,2023-05-19 09:34:25,0.5948717948717949
30809,4242,3148,3148.0,0,0,0,Sports,Desktop,Evening,0,0,2024-07-05 08:31:56,1.0
32159,39640,3396,644.0,0,0,0,Gaming,Desktop,Night,0,0,2024-02-08 15:05:50,0.1896348645465253
27031,21495,3037,132.0,1,0,0,Sports,Tablet,Evening,0,0,2024-02-21 20:59:33,0.043463944682252224
13630,8502,2760,2760.0,0,0,0,Tech,TV,Afternoon,0,0,2023-11-10 14:34:22,1.0
89943,17274,863,863.0,0,0,1,Education,Desktop,Night,0,0,2025-06-23 21:35:15,1.0
69484,29511,2393,2393.0,0,0,0,Gaming,Tablet,Evening,0,0,2024-08-10 18:04:58,1.0
51750,29897,2539,2539.0,0,0,0,Gaming,Desktop,Afternoon,0,1,2025-01-10 22:42:28,1.0
64987,32531,2940,1827.0,0,0,0,Gaming,Desktop,Morning,0,0,2023-01-10 12:23:31,0.6214285714285714
54721,45749,1809,1300.0,0,0,0,Comedy,Tablet,Afternoon,0,0,2023-10-31 19:51:48,0.718629076838032
7012,40544,1617,793.0,0,0,0,Gaming,TV,Afternoon,0,1,2024-11-12 02:58:44,0.4904143475572047
10597,47032,198,46.0,1,0,0,Tech,Desktop,Evening,1,0,2025-01-06 20:30:14,0.23232323232323232
48441,46460,3564,3564.0,0,0,0,Music,Desktop,Evening,0,0,2023-08-14 02:40:47,1.0
59045,45233,3159,3159.0,0,1,0,Music,Tablet,Night,0,0,2024-12-09 09:54:06,1.0
98596,1123,3527,1530.0,1,0,1,Education,Mobile,Afternoon,1,0,2024-09-14 23:31:23,0.43379642755883185
97878,11169,2074,1236.0,1,0,0,Education,Desktop,Night,0,0,2025-01-03 11:24:23,0.5959498553519769
21883,10646,1588,114.0,0,1,0,Lifestyle,Desktop,Night,0,1,2025-03-04 15:36:18,0.07178841309823678
64039,42203,2459,706.0,0,0,0,Lifestyle,Desktop,Evening,1,0,2023-07-15 20:15:29,0.28710858072387146
62400,41918,3169,3169.0,1,0,0,News,TV,Morning,1,0,2023-06-19 06:41:13,1.0
9796,33483,1309,1309.0,0,0,0,Sports,Desktop,Morning,0,1,2023-06-07 03:37:48,1.0
78022,29602,1312,1312.0,1,0,0,Sports,Mobile,Afternoon,0,0,2023-03-23 12:38:50,1.0
4063,13017,3490,2372.0,0,0,0,Sports,Mobile,Night,1,1,2025-09-20 01:32:52,0.6796561604584527
60527,19981,88,88.0,1,0,0,Education,TV,Night,1,1,2025-08-27 01:48:57,1.0
21299,16718,699,699.0,0,0,0,Comedy,TV,Morning,1,0,2024-04-18 22:32:43,1.0
70596,16494,371,371.0,0,0,0,Education,Desktop,Evening,0,1,2024-11-20 18:40:20,1.0
92939,30776,3512,2329.0,0,1,0,Tech,Mobile,Evening,1,0,2024-02-06 05:27:32,0.6631548974943052
16523,30106,2513,1866.0,0,0,0,Music,TV,Morning,1,1,2025-02-18 00:16:01,0.7425387982491046
15795,24825,1450,323.0,0,0,0,Gaming,Tablet,Afternoon,1,1,2024-10-27 09:00:31,0.22275862068965518
96415,27369,3215,2284.0,0,0,0,Sports,Tablet,Evening,1,0,2025-01-28 04:28:59,0.7104199066874028
64936,46189,3264,1509.0,1,0,0,News,Desktop,Morning,0,0,2024-05-28 13:26:41,0.46231617647058826
92945,13044,3414,1491.0,0,0,0,Gaming,Mobile,Night,1,1,2023-07-15 22:50:15,0.4367311072056239
58236,42131,1067,1067.0,0,0,0,Gaming,Tablet,Evening,1,1,2023-06-25 15:20:18,1.0
37273,6477,2166,1924.0,0,0,0,Education,Mobile,Afternoon,0,0,2023-03-29 20:29:43,0.8882733148661126
36724,19231,3288,303.0,0,0,0,Lifestyle,Tablet,Morning,1,0,2023-09-22 23:40:19,0.09215328467153285
93191,33856,1451,227.0,1,0,0,Tech,Mobile,Afternoon,1,1,2023-07-08 17:51:39,0.15644383184011026
74745,48783,1321,568.0,0,1,0,Gaming,TV,Morning,0,0,2025-02-07 16:21:46,0.4299772899318698
70045,18701,538,538.0,0,0,0,Lifestyle,TV,Evening,0,0,2024-08-08 18:34:26,1.0
90884,38167,3091,747.0,0,0,0,News,TV,Evening,1,1,2023-07-29 09:51:10,0.24166936266580394
7961,19523,2773,111.0,0,0,0,Education,Tablet,Night,0,1,2024-03-16 18:10:45,0.04002884962134872
17554,13183,1619,1619.0,1,0,0,Music,Tablet,Evening,0,1,2025-05-13 20:20:56,1.0
61038,11034,2195,2195.0,0,0,0,Education,Desktop,Morning,1,1,2023-08-25 05:16:36,1.0
725,20382,1325,1325.0,0,0,0,Sports,Mobile,Evening,0,1,2023-11-30 05:17:41,1.0
34432,43000,2860,1051.0,1,0,0,Lifestyle,Desktop,Evening,0,1,2024-03-29 18:50:32,0.3674825174825175
90044,860,488,488.0,0,0,0,Gaming,Mobile,Evening,0,1,2024-11-23 17:55:05,1.0
60603,43024,2881,1648.0,0,0,0,News,Desktop,Night,1,0,2025-02-06 20:49:52,0.5720236029156542
23911,12537,2786,1475.0,0,0,0,Tech,Tablet,Evening,0,0,2024-03-25 01:27:25,0.5294328786791098
14909,47564,1204,622.0,0,0,0,Comedy,Tablet,Night,0,0,2024-11-06 19:32:07,0.5166112956810631
11980,4669,2600,1393.0,1,0,0,Sports,Desktop,Night,1,1,2025-05-29 11:22:09,0.5357692307692308
33750,39026,464,6584.0,no,0,0,music,TV,Night,0,1,2025-06-28 02:53:51,14.189655172413794
51752,23190,1948,1619.0,0,1,0,Gaming,Desktop,Night,0,0,2023-03-31 04:16:11,0.8311088295687885
96393,33835,1153,1153.0,0,0,0,Lifestyle,Desktop,Evening,0,0,2025-07-19 19:02:06,1.0
74432,4926,46,46.0,0,0,0,Tech,Mobile,Evening,0,1,2023-05-01 22:03:00,1.0
4003,39953,1958,1958.0,1,0,0,Gaming,TV,Afternoon,0,0,2023-03-15 18:40:03,1.0
68,7754,2211,2211.0,1,0,0,Sports,TV,Evening,0,0,2025-07-28 19:15:13,1.0
54724,19690,1417,1417.0,1,0,0,Education,TV,Night,0,0,2023-04-07 04:08:49,1.0
91710,18680,3117,490.0,0,0,0,Gaming,TV,Morning,0,0,2025-07-10 16:52:26,0.15720243824189925
24441,24344,2555,2555.0,1,0,0,Tech,Tablet,Afternoon,0,1,2023-06-25 22:47:33,1.0
34360,30192,3381,2587.0,0,0,0,Comedy,Mobile,Afternoon,0,0,2025-04-10 16:43:58,0.7651582372079266
85424,1902,482,482.0,0,0,0,Tech,Mobile,Afternoon,0,0,2024-12-14 01:40:23,1.0
30899,29360,351,351.0,0,0,0,News,Tablet,Night,1,0,2024-12-07 21:41:59,1.0
61027,29401,3076,744.0,0,0,0,News,Mobile,Night,0,0,2025-05-11 14:16:18,0.24187256176853056
48673,29691,664,664.0,1,0,0,Sports,Desktop,Morning,0,0,2023-09-18 06:05:13,1.0
35517,45291,1246,1246.0,1,0,0,News,Tablet,Morning,0,0,2024-04-16 11:23:27,1.0
24911,17848,1654,161.0,0,0,1,Gaming,TV,Afternoon,1,0,2023-12-17 12:08:00,0.0973397823458283
23797,2577,3303,796.0,0,0,0,Tech,Desktop,Night,1,1,2024-05-23 07:13:29,0.2409930366333636
82111,2092,511,511.0,0,0,0,Music,Mobile,Evening,0,0,2023-03-25 07:49:40,1.0
22179,22184,2291,175.0,1,0,1,Gaming,Tablet,Night,0,0,2025-01-30 03:36:08,0.07638585770405937
89152,24211,1271,837.0,0,0,0,Lifestyle,Desktop,Afternoon,1,0,2024-11-07 07:51:33,0.6585365853658537
51649,30657,1253,1253.0,0,0,0,Comedy,Mobile,Night,0,1,2024-10-01 08:00:03,1.0
74737,17567,817,817.0,1,0,0,Music,Tablet,Morning,1,1,2023-11-09 07:11:16,1.0
16332,47566,541,541.0,1,0,0,Gaming,Desktop,Evening,1,0,2024-12-08 21:33:11,1.0
34923,25384,3582,2036.0,0,0,0,Music,Tablet,Morning,0,0,2023-10-04 16:51:05,0.5683975432719152
61465,49731,2880,2880.0,0,0,0,Education,Tablet,Afternoon,0,1,2023-11-30 07:38:52,1.0
10084,17191,1285,1285.0,0,0,0,Comedy,Desktop,Night,0,1,2024-04-13 02:42:42,1.0
30464,9492,1701,824.0,0,0,0,News,Tablet,Night,1,0,2023-10-28 13:09:02,0.4844209288653733
80750,23985,3555,2394.0,0,0,0,Sports,Desktop,Morning,1,0,2023-03-09 15:32:45,0.6734177215189874
43945,3129,2297,589.0,0,0,1,Comedy,Tablet,Evening,1,1,2023-07-01 06:10:01,0.2564214192424902
46043,21319,865,865.0,0,0,0,Tech,Desktop,Evening,0,0,2025-02-22 12:57:41,1.0
90479,43866,614,614.0,0,0,0,Gaming,TV,Morning,0,1,2024-04-23 02:17:24,1.0
35648,20921,594,594.0,0,0,0,Education,Desktop,Night,1,0,2024-10-13 02:54:00,1.0
32859,31787,1119,582.0,1,0,0,Lifestyle,Tablet,Afternoon,1,0,2024-10-29 09:34:31,0.5201072386058981
70750,41440,2679,2679.0,0,0,0,Education,Mobile,Morning,0,0,2024-08-30 08:16:06,1.0
2766,9424,296,296.0,1,0,0,Education,TV,Morning,0,1,2024-02-18 06:30:11,1.0
69842,24533,1087,1087.0,0,0,0,Comedy,Tablet,Afternoon,0,0,2024-10-25 03:16:15,1.0
74028,35974,2930,2639.0,0,1,0,Sports,Mobile,Morning,0,0,2023-11-06 22:58:32,0.9006825938566553
16657,17635,2560,2560.0,1,0,0,Sports,Desktop,Morning,1,0,2024-10-23 18:10:58,1.0
68100,48329,2669,922.0,1,0,0,Lifestyle,TV,Night,0,0,2025-03-14 12:48:01,0.34544773323342076
40225,35981,588,588.0,0,0,0,Comedy,Tablet,Morning,1,0,2024-11-09 02:28:47,1.0
43811,18124,732,732.0,0,0,0,Education,Desktop,Night,1,0,2025-01-04 00:14:33,1.0
10459,36563,1349,1349.0,0,0,0,Sports,Desktop,Afternoon,1,1,2025-08-16 06:50:17,1.0
973,17047,1880,1880.0,0,0,0,Gaming,TV,Afternoon,1,0,2024-11-03 17:18:11,1.0
82321,8935,427,427.0,0,0,0,Sports,Mobile,Evening,0,0,2023-05-28 04:04:47,1.0
735,1062,2692,1423.0,0,0,0,Music,Desktop,Night,0,0,2023-08-09 16:48:45,0.5286032689450223
41797,43726,2486,2486.0,0,1,0,Education,Tablet,Morning,0,1,2025-02-06 15:48:19,1.0
3251,6169,891,891.0,0,0,0,News,Desktop,Afternoon,0,0,2024-11-30 20:40:11,1.0
48705,39488,2996,2996.0,0,0,1,Comedy,Mobile,Afternoon,0,0,2024-03-08 09:39:56,1.0
82697,22366,728,728.0,0,0,0,Comedy,Desktop,Night,1,0,2024-04-27 06:45:53,1.0
40831,5505,55,55.0,0,0,0,Gaming,TV,Morning,1,0,2024-05-17 12:31:02,1.0
8312,7378,1059,1059.0,0,0,0,Gaming,TV,Night,0,1,2025-02-23 09:31:06,1.0
42581,13707,2424,430.0,1,0,1,Education,Tablet,Morning,0,0,2023-10-31 19:12:27,0.1773927392739274
98422,27351,2881,1782.0,0,0,0,Education,Mobile,Evening,1,0,2023-07-21 07:28:38,0.6185352308226311
29640,17876,2259,1085.0,1,0,0,Gaming,TV,Afternoon,1,0,2023-07-28 23:20:45,0.4803010181496237
92674,7555,982,982.0,0,0,0,Lifestyle,Desktop,Afternoon,1,1,2025-01-24 09:37:41,1.0
91064,29837,864,864.0,0,0,0,Music,Desktop,Night,1,0,2023-05-28 12:54:06,1.0
58908,16367,1804,1804.0,0,0,0,Tech,Desktop,Evening,0,0,2025-05-05 04:58:10,1.0
66302,3593,3557,236.0,0,0,0,Tech,Mobile,Morning,1,0,2023-10-20 00:36:59,0.06634804610626933
26636,18977,2771,1836.0,1,0,1,Music,Desktop,Afternoon,1,0,2024-08-11 22:18:25,0.6625766871165644
217,8822,1089,1089.0,0,0,0,Sports,Tablet,Night,0,0,2024-10-01 03:56:44,1.0
51622,40342,1433,10750.0,no,0,0,music,Tablet,Night,1,0,2025-06-26 11:02:19,7.501744591765527
30008,35442,1114,1114.0,0,0,0,Sports,Desktop,Evening,1,0,2024-10-01 21:14:40,1.0
67523,42176,2038,913.0,0,0,0,Comedy,TV,Evening,0,1,2024-11-25 17:05:22,0.4479882237487733
46355,9388,878,878.0,1,0,0,Education,TV,Evening,0,1,2025-08-16 19:24:58,1.0
17756,34089,433,424.0,0,0,0,Tech,Desktop,Evening,0,1,2023-01-31 03:18:41,0.9792147806004619
36576,32052,2951,170.0,1,0,0,Music,TV,Morning,0,0,2024-04-23 07:44:23,0.05760759064723822
35504,39824,2076,2076.0,0,0,0,News,Desktop,Night,0,0,2024-02-24 17:58:41,1.0
43950,9981,1974,1974.0,0,0,0,Education,Mobile,Morning,0,1,2025-02-08 22:42:47,1.0
64590,38408,1924,1924.0,0,0,0,Comedy,TV,Afternoon,1,1,2024-12-08 04:58:27,1.0
95371,4458,1384,1384.0,0,0,0,News,Desktop,Afternoon,0,0,2024-12-09 07:59:11,1.0
41847,12572,2626,2019.0,0,0,0,Comedy,TV,Night,0,0,2023-04-20 02:40:34,0.7688499619192688
23320,18452,1615,1615.0,0,0,0,Tech,Mobile,Night,1,0,2025-08-16 06:07:32,1.0
23548,4045,3545,1787.0,0,0,0,Tech,Desktop,Afternoon,1,1,2023-03-04 21:59:53,0.5040902679830748
28128,31827,3115,775.0,0,1,0,Tech,Desktop,Evening,1,0,2025-09-23 06:01:40,0.24879614767255218
93137,25570,2760,2760.0,0,0,0,Music,Desktop,Night,1,0,2024-06-07 21:46:03,1.0
93335,10243,3146,1950.0,0,0,0,Lifestyle,TV,Night,1,1,2024-08-08 23:01:19,0.6198347107438017
45829,26019,872,872.0,1,0,0,Gaming,Mobile,Evening,1,1,2023-12-23 20:49:28,1.0
72069,8190,2901,2524.0,0,0,0,News,Mobile,Night,1,0,2023-02-19 13:37:15,0.870044812133747
73457,22761,2939,2776.0,0,0,0,Comedy,Tablet,Afternoon,0,0,2024-08-10 17:05:11,0.9445389588295339
52936,32511,206,206.0,0,1,1,Gaming,Mobile,Morning,1,1,2024-12-11 22:15:52,1.0
68415,44635,2987,1109.0,0,1,0,Education,Desktop,Evening,1,1,2023-04-12 19:33:29,0.37127552728490126
52943,31777,1659,862.0,0,0,0,Tech,Mobile,Morning,0,0,2023-01-20 20:48:07,0.5195901145268234
32242,35669,2802,2802.0,0,0,0,Education,TV,Night,0,1,2024-03-23 06:56:24,1.0
4374,38719,367,367.0,0,0,0,music,TV,Morning,1,0,2024-02-18 18:26:05,1.0
46682,32791,1540,170.0,0,0,0,Education,TV,Afternoon,0,0,2025-07-23 17:31:27,0.11038961038961038
99998,23916,3447,112.0,0,0,0,News,Tablet,Night,0,1,2025-02-15 21:46:18,0.03249202204815782
14693,46275,2607,980.0,0,1,0,News,TV,Night,1,0,2023-04-27 16:57:33,0.37591100882240125
70454,39926,2789,491.0,1,0,0,Comedy,TV,Morning,0,0,2024-04-28 02:40:26,0.17604876299749014
62693,25276,2502,979.0,1,0,0,Tech,Desktop,Morning,0,0,2025-09-17 17:51:18,0.39128697042366106
6691,22740,195,195.0,0,1,0,Lifestyle,TV,Night,0,0,2024-06-15 13:03:10,1.0
84185,23343,1022,486.0,0,0,0,News,Desktop,Morning,0,0,2024-01-04 05:43:52,0.4755381604696673
8490,37209,1632,419.0,1,0,0,Lifestyle,Mobile,Night,0,1,2024-08-27 20:31:54,0.25674019607843135
29205,38085,1655,249.0,0,0,0,Gaming,Tablet,Evening,0,0,2025-05-25 01:19:36,0.15045317220543808
81646,28813,2198,2198.0,0,0,0,Education,TV,Night,1,0,2024-04-06 13:08:37,1.0
28010,8815,1077,1077.0,1,1,0,Tech,Tablet,Morning,1,0,2025-09-12 21:53:43,1.0
36822,44574,3256,373.0,0,0,0,Comedy,TV,Morning,0,0,2024-02-20 19:53:30,0.11455773955773955
7600,22233,430,430.0,0,1,0,News,Mobile,Morning,0,0,2025-05-13 02:23:28,1.0
87901,31411,1114,860.0,1,0,0,Gaming,TV,Afternoon,0,0,2023-10-01 18:59:43,0.7719928186714542
64476,42755,2551,1374.0,0,1,0,Music,Desktop,Afternoon,1,0,2024-05-15 21:51:25,0.5386123088984712
8441,11394,2639,557.0,1,0,0,Sports,TV,Night,1,1,2024-04-27 11:19:49,0.21106479727169383
39689,39719,1938,1938.0,0,0,0,Comedy,Tablet,Afternoon,1,0,2025-04-22 03:09:10,1.0
98209,16235,2928,1333.0,1,0,0,Gaming,Mobile,Evening,0,0,2025-05-02 14:35:56,0.4552595628415301
56001,49619,1298,1298.0,1,0,0,Tech,Mobile,Night,0,1,2024-01-11 16:42:12,1.0
71719,25941,1759,503.0,0,0,0,Sports,TV,Afternoon,0,0,2025-04-21 12:01:16,0.2859579306424105
19886,31796,2865,817.0,0,0,0,Education,TV,Morning,1,1,2023-05-21 09:45:10,0.28516579406631765
81039,10659,3414,1919.0,0,0,0,Comedy,Desktop,Morning,0,1,2024-10-08 16:11:00,0.5620972466315173
29496,34445,1047,517.0,1,0,0,Education,Desktop,Night,0,0,2025-04-04 20:49:55,0.49379178605539636
37678,8899,849,849.0,0,0,0,Comedy,Desktop,Afternoon,0,1,2024-06-03 19:09:24,1.0
24884,6119,521,521.0,1,0,0,Tech,Desktop,Evening,0,0,2023-08-13 09:07:05,1.0
74106,13586,1797,1490.0,1,1,0,Lifestyle,Desktop,Evening,0,0,2023-05-17 02:45:11,0.8291597106288259
3409,45127,1744,1744.0,0,0,0,Lifestyle,Tablet,Night,0,0,2023-10-29 03:47:52,1.0
85974,41099,553,553.0,1,0,0,Comedy,Tablet,Night,1,1,2023-07-10 23:57:38,1.0
90139,26299,850,850.0,0,0,0,Tech,Desktop,Morning,0,0,2025-05-06 05:20:38,1.0
6818,49130,3307,2585.0,0,0,0,Lifestyle,Desktop,Afternoon,1,0,2023-03-13 19:23:46,0.7816752343513759
96173,12311,1668,83.0,0,0,0,Lifestyle,TV,Morning,1,1,2024-03-09 00:31:37,0.049760191846522785
8771,34752,601,601.0,0,0,0,Tech,Tablet,Morning,1,0,2024-01-24 23:53:44,1.0
15486,38476,2401,30.0,0,0,0,Tech,TV,Night,0,1,2025-06-17 05:45:26,0.012494793835901708
73307,9640,1436,1436.0,1,0,0,Lifestyle,Mobile,Morning,1,0,2025-08-22 21:28:11,1.0
13761,6311,1133,1133.0,1,0,0,Sports,Tablet,Morning,0,1,2025-02-24 01:15:30,1.0
50125,38343,3370,919.0,0,0,0,Comedy,TV,Morning,0,1,2024-12-25 21:36:18,0.27270029673590507
89497,15111,1370,370.0,0,0,0,Music,TV,Night,0,1,2023-10-26 01:30:16,0.27007299270072993
5090,18417,2716,1327.0,1,0,0,Education,Mobile,Morning,1,0,2024-08-09 18:58:53,0.4885861561119293
73148,27552,1668,1668.0,0,0,0,Tech,Mobile,Morning,0,0,2023-06-15 21:05:15,1.0
57760,11429,1979,1472.0,0,0,0,News,Tablet,Morning,0,0,2024-01-11 06:02:55,0.743810005053057
38314,13875,2142,2142.0,1,0,0,Lifestyle,Tablet,Morning,0,0,2023-02-14 22:58:25,1.0
58433,25764,3331,2065.0,0,0,0,Sports,Desktop,Night,1,1,2025-05-30 05:15:50,0.6199339537676374
58781,5696,1377,1377.0,0,0,0,Sports,Tablet,Night,1,0,2023-07-03 05:03:09,1.0
37534,14996,2394,1244.0,0,0,0,Education,Desktop,Evening,0,0,2025-05-12 09:08:33,0.5196324143692564
63238,4878,1795,696.0,0,0,0,Music,Desktop,Morning,1,0,2024-02-21 13:29:45,0.38774373259052924
62748,11177,2763,1677.0,0,0,1,Comedy,TV,Afternoon,0,1,2025-09-01 13:26:02,0.6069489685124865
74631,18418,1120,931.0,0,0,0,Comedy,TV,Night,1,0,2023-06-18 03:37:36,0.83125
27924,32270,726,726.0,0,0,0,Gaming,Mobile,Night,0,1,2025-05-03 04:38:13,1.0
1548,21205,3142,74.0,0,0,0,Sports,Desktop,Morning,0,0,2023-11-03 04:14:42,0.023551877784850413
94921,13946,3251,3251.0,0,0,0,Sports,Desktop,Night,0,1,2023-08-17 21:24:52,1.0
75328,10343,962,851.0,0,0,0,Education,Tablet,Evening,0,1,2024-02-24 10:42:09,0.8846153846153846
1712,8212,629,185.0,0,1,0,Lifestyle,TV,Evening,0,1,2023-01-21 13:35:18,0.29411764705882354
24912,2484,1864,330.0,0,0,1,Sports,TV,Evening,1,0,2025-08-21 03:01:15,0.17703862660944206
10590,28393,263,263.0,0,0,0,Gaming,Mobile,Morning,1,0,2023-09-13 01:30:39,1.0
60384,45603,464,464.0,0,0,0,Education,Desktop,Afternoon,0,0,2024-01-29 08:34:27,1.0
79399,20861,1928,1928.0,0,0,0,Sports,Desktop,Night,0,0,2025-06-05 07:31:17,1.0
32109,27146,3495,3357.0,0,0,0,Lifestyle,TV,Morning,0,1,2025-03-19 17:54:02,0.9605150214592275
8016,21398,2059,2059.0,1,0,0,Comedy,TV,Night,1,0,2025-06-05 20:32:27,1.0
43482,38982,2586,757.0,0,0,0,Comedy,TV,Morning,0,0,2025-05-11 22:24:27,0.29273008507347253
43807,44278,2826,696.0,1,1,0,Sports,TV,Evening,0,0,2024-08-23 06:05:49,0.24628450106157113
97789,5590,2110,1968.0,0,1,0,News,Tablet,Evening,0,0,2023-01-29 03:20:29,0.9327014218009478
60025,45278,700,700.0,0,1,0,Music,Tablet,Evening,0,0,2024-06-06 22:27:55,1.0
58570,23162,58,58.0,0,1,0,Music,Desktop,Evening,1,1,2025-01-17 04:13:33,1.0
25779,43927,2263,2176.0,1,0,0,Lifestyle,TV,Morning,0,0,2024-10-22 03:21:40,0.96155545735749
85858,22923,1796,1796.0,1,0,0,Gaming,TV,Evening,0,0,2025-03-26 01:20:15,1.0
14057,22431,1261,1064.0,0,0,0,Education,Tablet,Morning,0,0,2023-03-31 18:07:27,0.8437747819191118
28577,20988,444,444.0,0,0,0,Education,Tablet,Evening,0,1,2024-04-01 09:02:33,1.0
76693,39257,2290,2290.0,0,0,1,Comedy,Desktop,Morning,1,0,2025-02-07 16:40:53,1.0
91638,8524,2439,1321.0,0,0,0,Gaming,TV,Morning,1,0,2024-03-25 06:22:51,0.5416154161541615
57536,41464,2087,2087.0,1,0,0,Tech,Desktop,Night,0,0,2023-12-05 17:14:00,1.0
2438,10589,3516,1864.0,0,0,0,News,TV,Night,0,0,2023-10-31 23:54:12,0.5301478953356087
16287,8492,3369,442.0,0,0,1,Education,Mobile,Evening,1,0,2023-11-29 22:10:41,0.13119620065301277
692,48532,3351,915.0,0,0,0,Gaming,TV,Evening,0,1,2024-10-09 19:03:32,0.2730528200537153
58328,755,534,534.0,0,0,0,Education,Desktop,Night,1,0,2023-01-31 11:28:25,1.0
41256,17195,449,449.0,0,0,0,Music,TV,Afternoon,1,0,2025-01-05 18:28:31,1.0
35121,11739,780,780.0,1,0,0,Lifestyle,Tablet,Night,0,1,2023-09-25 12:43:33,1.0
31200,23736,382,382.0,0,0,0,Music,Desktop,Evening,0,0,2025-06-01 21:30:01,1.0
97922,28977,1318,1318.0,0,1,0,Lifestyle,TV,Morning,0,0,2025-03-28 23:05:25,1.0
62454,26626,2607,1771.0,1,0,0,News,Mobile,Afternoon,0,0,2023-12-22 14:49:50,0.679324894514768
38243,26096,2143,2143.0,0,0,1,Gaming,Tablet,Morning,0,0,2025-02-04 19:15:08,1.0
87270,47381,1499,1499.0,0,0,0,Comedy,Mobile,Afternoon,1,0,2023-06-24 07:18:43,1.0
36389,20212,2110,445.0,1,1,0,Lifestyle,TV,Night,0,0,2024-01-20 19:50:17,0.2109004739336493
24695,2477,3429,1121.0,0,0,1,Lifestyle,TV,Night,0,0,2025-07-25 08:11:08,0.32691746864975213
68314,26633,2456,1486.0,0,0,0,News,Mobile,Afternoon,0,1,2024-09-14 22:22:06,0.6050488599348535
843,5494,628,628.0,1,0,0,Gaming,Tablet,Morning,1,1,2024-08-23 20:37:38,1.0
67414,19528,3022,2401.0,0,0,0,News,Tablet,Afternoon,0,1,2024-10-08 18:24:08,0.7945069490403707
32703,16637,1870,1870.0,0,0,0,Comedy,Desktop,Night,1,1,2025-04-02 06:06:06,1.0
79369,49649,88,88.0,0,0,0,Sports,Tablet,Evening,0,0,2024-06-21 14:42:58,1.0
84810,3318,1800,261.0,0,0,0,Gaming,Desktop,Evening,0,1,2024-12-02 08:48:08,0.145
38187,31227,2605,1739.0,0,0,0,News,Desktop,Morning,0,1,2025-01-15 03:17:44,0.6675623800383877
67105,647,1407,1407.0,1,0,0,News,Desktop,Night,1,0,2025-05-18 20:03:13,1.0
51515,42249,1143,1143.0,0,0,0,Lifestyle,Desktop,Morning,1,0,2024-04-05 03:28:43,1.0
16863,35323,1825,1446.0,1,0,0,Music,Desktop,Morning,0,0,2024-05-15 16:58:37,0.7923287671232877
57348,44350,1825,148.0,0,1,0,Lifestyle,Desktop,Evening,1,0,2024-03-29 00:32:16,0.08109589041095891
49320,21658,639,299.0,0,1,0,Education,Desktop,Night,0,0,2024-09-13 05:38:33,0.4679186228482003
48976,4556,3319,165.0,0,0,0,Music,Mobile,Evening,1,0,2023-11-02 13:23:17,0.04971376920759265
53628,16518,1847,1391.0,1,0,0,Education,TV,Morning,0,0,2023-09-27 16:23:17,0.7531131564699513
98263,28745,3307,3065.0,1,0,0,Tech,Tablet,Night,1,0,2025-02-13 12:11:43,0.9268218929543393
59930,30364,678,678.0,1,0,0,Sports,Desktop,Morning,0,0,2023-11-25 21:07:39,1.0
1844,27331,53,53.0,0,0,0,Comedy,Mobile,Morning,1,1,2023-06-14 10:35:43,1.0
71693,3574,1560,1560.0,0,0,0,Sports,Desktop,Afternoon,1,1,2024-09-09 12:09:20,1.0
62127,42420,2283,2283.0,1,0,0,News,Tablet,Afternoon,1,0,2023-02-16 11:39:15,1.0
83212,12856,1320,1024.0,0,0,0,Lifestyle,Desktop,Night,1,1,2025-04-09 22:04:42,0.7757575757575758
99606,31155,2768,2768.0,0,0,0,Tech,Mobile,Morning,1,0,2023-10-28 04:53:13,1.0
92179,41474,2826,548.0,1,0,0,Education,Tablet,Afternoon,1,1,2025-05-01 01:40:47,0.19391365888181175
2916,3906,1186,1186.0,0,0,0,Gaming,Mobile,Evening,0,0,2025-08-22 17:38:35,1.0
52016,24501,2109,167.0,0,0,1,News,Desktop,Morning,1,1,2023-06-25 21:25:39,0.07918444760550024
36851,16131,1689,181.0,0,0,0,Tech,TV,Afternoon,0,0,2024-09-24 09:59:22,0.10716400236826525
49023,17423,1547,1547.0,1,0,0,Comedy,Tablet,Night,0,0,2025-01-12 13:36:21,1.0
67214,7462,1541,1265.0,1,0,0,Sports,Desktop,Evening,0,1,2023-08-20 13:45:00,0.8208955223880597
31567,4931,2203,801.0,0,1,0,Music,Desktop,Afternoon,1,1,2025-09-04 23:29:12,0.36359509759418973
10539,32174,1948,416.0,1,0,0,Gaming,Tablet,Morning,1,0,2024-06-21 12:02:57,0.2135523613963039
18842,6042,231,231.0,1,1,0,Lifestyle,Desktop,Afternoon,1,0,2023-12-19 22:44:40,1.0
81078,32739,2315,1196.0,0,0,0,Tech,Desktop,Night,0,0,2024-04-04 11:53:49,0.5166306695464363
11678,2679,2446,1726.0,0,0,0,Lifestyle,Tablet,Night,0,0,2025-08-29 04:12:48,0.705641864268193
2674,4745,1267,1267.0,0,0,0,Lifestyle,Desktop,Evening,0,0,2023-11-07 14:43:27,1.0
79794,37558,3062,2932.0,0,0,0,Sports,Desktop,Night,1,0,2023-06-28 08:11:55,0.9575440888308295
25185,21658,642,642.0,0,1,0,Music,Desktop,Night,0,0,2023-08-07 06:13:13,1.0
89088,27620,1475,255.0,0,0,0,Sports,TV,Night,1,0,2024-12-05 21:11:41,0.17288135593220338
91729,40626,1004,312.0,1,1,0,Education,Tablet,Morning,1,1,2024-05-16 02:18:44,0.3107569721115538
94259,43701,1607,1607.0,0,0,0,Music,Desktop,Morning,0,0,2023-04-07 17:03:17,1.0
51824,11394,848,848.0,0,0,0,Comedy,Desktop,Morning,1,0,2025-01-21 16:22:21,1.0
40533,37772,474,474.0,1,0,0,Gaming,Mobile,Afternoon,0,0,2024-04-13 14:22:06,1.0
77585,21105,2211,1490.0,0,0,0,Comedy,TV,Night,0,0,2023-10-10 22:17:19,0.6739032112166441
76049,22824,3070,3055.0,1,0,0,News,Mobile,Evening,0,1,2025-06-08 07:35:04,0.995114006514658
54848,5832,1318,1318.0,1,0,0,Lifestyle,TV,Morning,1,0,2023-02-09 22:11:51,1.0
57231,16371,3056,890.0,0,0,0,Gaming,TV,Afternoon,1,0,2023-09-21 00:07:31,0.2912303664921466
78453,2748,1038,1038.0,0,0,0,Gaming,Mobile,Evening,0,0,2023-10-14 13:40:16,1.0
93664,27932,232,232.0,0,0,0,Sports,Desktop,Night,0,1,2023-08-28 10:03:36,1.0
99701,5035,1430,1430.0,0,0,0,Education,Desktop,Evening,0,0,2024-09-22 10:56:18,1.0
32525,3351,3510,2709.0,1,0,0,Comedy,Tablet,Evening,0,0,2023-08-21 12:21:30,0.7717948717948718
13721,32697,1864,577.0,0,0,0,Comedy,Desktop,Night,0,0,2024-08-09 02:57:42,0.309549356223176
35585,12865,2543,1299.0,0,0,0,News,Tablet,Afternoon,1,1,2025-09-25 22:54:47,0.5108139992135273
96595,1627,2205,1275.0,0,0,0,Education,TV,Morning,1,1,2024-12-22 21:06:16,0.5782312925170068
78692,42061,1991,395.0,0,0,0,Sports,Tablet,Afternoon,0,0,2023-04-12 05:52:06,0.19839276745354092
75471,46791,1512,746.0,0,0,0,Tech,Desktop,Morning,0,0,2023-11-03 15:06:55,0.4933862433862434
99008,30802,204,204.0,0,0,0,Music,Tablet,Evening,1,0,2023-04-09 05:09:24,1.0
18414,44086,529,529.0,1,0,0,Lifestyle,TV,Night,1,1,2023-01-07 01:41:38,1.0
99428,29267,3102,2197.0,0,0,0,Music,Mobile,Morning,1,0,2024-03-07 18:15:38,0.7082527401676337
45185,23009,263,263.0,0,0,0,Comedy,TV,Evening,1,1,2025-01-26 11:39:10,1.0
54117,21574,1742,728.0,0,0,0,Tech,Tablet,Night,0,0,2025-07-12 03:47:51,0.417910447761194
43469,42523,788,670.0,0,0,0,News,Tablet,Night,1,1,2025-01-02 18:08:35,0.850253807106599
50249,24709,1239,61.0,0,0,0,Education,Desktop,Evening,0,0,2024-06-23 23:02:59,0.04923325262308313
28610,29420,176,176.0,1,0,0,Comedy,Mobile,Night,1,0,2025-06-21 07:52:23,1.0
51450,10974,2099,2099.0,1,0,0,Comedy,TV,Afternoon,1,0,2025-08-10 07:15:42,1.0
55410,5283,323,320.0,0,0,0,Gaming,Mobile,Afternoon,0,1,2025-06-08 08:20:32,0.9907120743034056
94723,46798,460,460.0,0,0,0,Sports,Desktop,Evening,1,0,2024-12-05 18:50:52,1.0
52984,26067,1297,1297.0,0,0,0,Music,Tablet,Afternoon,1,0,2023-03-17 19:13:10,1.0
97872,23395,1158,1158.0,0,0,0,Sports,TV,Morning,0,1,2023-05-22 16:51:35,1.0
61140,6359,725,725.0,1,0,0,News,TV,Morning,0,0,2025-09-10 06:21:57,1.0
47998,27089,738,738.0,0,1,0,Sports,Mobile,Afternoon,1,0,2024-07-11 00:27:34,1.0
32851,3443,3525,1720.0,0,0,0,Comedy,Mobile,Morning,0,1,2023-04-18 02:08:10,0.4879432624113475
42824,30042,691,691.0,0,0,1,Music,Desktop,Afternoon,0,0,2024-03-02 00:47:21,1.0
66920,3898,2216,2216.0,0,0,0,Education,Desktop,Morning,0,1,2024-08-30 12:37:04,1.0
21020,5802,419,419.0,0,1,0,Gaming,TV,Evening,1,0,2024-06-17 20:42:28,1.0
80503,15664,360,360.0,0,0,0,Sports,TV,Afternoon,1,1,2025-03-25 14:18:51,1.0
64812,9543,1171,355.0,0,0,0,Sports,Tablet,Morning,0,0,2025-03-15 15:49:53,0.3031596925704526
42195,49101,2983,2531.0,0,1,0,Sports,Tablet,Evening,1,0,2023-04-22 18:10:45,0.848474689909487
48335,27347,2241,425.0,0,0,0,Comedy,TV,Evening,0,0,2024-08-15 07:31:00,0.18964747880410532
61064,8614,3100,2151.0,1,0,1,Tech,Mobile,Night,0,0,2023-07-23 17:14:27,0.6938709677419355
46501,10536,2110,1033.0,0,0,0,Music,Mobile,Morning,0,0,2023-03-18 11:13:25,0.4895734597156398
98199,13114,152,152.0,0,0,0,Music,Mobile,Evening,0,1,2023-01-06 14:21:09,1.0
78283,31593,625,625.0,1,0,0,Music,Desktop,Night,0,0,2023-06-09 11:14:31,1.0
74508,29834,3352,2104.0,0,0,0,Sports,Desktop,Morning,1,0,2025-08-10 11:37:52,0.6276849642004774
89814,14373,2539,1850.0,0,0,0,Education,Desktop,Evening,0,0,2025-03-24 07:31:49,0.7286333202048051
64987,5206,2480,2480.0,0,0,0,Comedy,Tablet,Afternoon,1,1,2025-07-25 06:49:05,1.0
20451,2467,3260,26.0,1,0,0,Comedy,TV,Morning,0,0,2025-07-31 05:26:19,0.007975460122699387
18689,35886,1941,693.0,0,0,0,News,Tablet,Night,1,1,2023-04-07 08:56:52,0.357032457496136
87513,48664,934,934.0,1,0,0,Sports,Desktop,Evening,0,0,2023-07-15 18:46:04,1.0
60759,34174,2863,2657.0,0,1,0,Gaming,Mobile,Afternoon,0,0,2025-09-01 04:26:17,0.9280475026196298
8127,27168,2509,2171.0,1,1,0,Education,Mobile,Morning,1,1,2024-08-03 11:10:48,0.8652849740932642
44815,39652,1750,1750.0,0,0,0,Lifestyle,Mobile,Morning,0,0,2025-04-30 17:42:32,1.0
4379,35691,1069,1069.0,1,0,0,Music,TV,Morning,0,0,2023-01-19 11:14:50,1.0
91175,33722,927,357.0,0,0,0,Comedy,Tablet,Afternoon,1,1,2024-12-01 23:28:55,0.3851132686084142
50641,12761,3367,2057.0,0,0,0,Lifestyle,TV,Morning,0,0,2025-09-17 03:51:05,0.610929610929611
28592,45344,1855,1770.0,1,0,0,Education,TV,Morning,1,1,2023-04-10 12:13:20,0.954177897574124
40489,41021,2391,2391.0,0,0,0,Sports,Desktop,Evening,0,0,2025-03-30 07:29:47,1.0
93779,8516,1839,384.0,1,0,0,Lifestyle,Mobile,Night,1,1,2024-07-07 19:10:08,0.20880913539967375
48858,1319,2322,510.0,0,0,0,Sports,Desktop,Evening,0,0,2023-02-01 08:31:19,0.21963824289405684
14592,11209,1319,1319.0,0,0,0,Lifestyle,Desktop,Morning,0,0,2025-02-03 08:25:23,1.0
51852,39457,2111,2111.0,0,0,0,Education,Desktop,Morning,0,0,2023-04-30 21:51:03,1.0
22933,10486,1912,1912.0,0,0,0,Education,Mobile,Morning,0,1,2024-01-19 14:52:04,1.0
74529,10935,2593,1914.0,0,0,1,Gaming,Desktop,Afternoon,0,0,2024-06-21 02:39:44,0.7381411492479754
69692,41912,2179,6994.0,no,0,0,Ed,Mobile,Night,1,1,2025-03-22 22:18:13,3.2097292335933916
29820,8204,1723,1076.0,0,0,0,Lifestyle,Tablet,Evening,1,0,2023-05-06 03:10:51,0.624492164828787
41987,10929,881,629.0,0,1,0,Tech ,Mobile,Evening,0,0,2025-05-26 11:52:29,0.713961407491487
17671,44837,37,37.0,0,0,0,Education,Mobile,Night,0,1,2023-08-04 12:29:12,1.0
22170,36838,2160,74.0,0,0,1,Gaming,TV,Morning,1,1,2023-11-30 22:45:37,0.03425925925925926
23746,17785,1355,1355.0,1,0,0,gamingg,Desktop,Afternoon,0,0,2024-08-06 03:52:21,1.0
59297,18970,1859,868.0,0,0,0,Music,Tablet,Night,1,0,2023-06-23 00:34:51,0.4669176976869285
26559,6187,156,156.0,1,1,0,Music,TV,Night,1,0,2024-03-13 16:51:21,1.0
35077,28019,1585,1585.0,0,1,0,Sports,Tablet,Night,1,0,2023-08-12 07:14:01,1.0
69324,48867,696,255.0,1,0,0,Music,Desktop,Morning,0,0,2023-04-04 18:41:04,0.36637931034482757
47186,48132,1543,1543.0,1,0,0,Lifestyle,Mobile,Morning,1,0,2023-10-18 19:07:42,1.0
96993,33298,3122,2467.0,0,0,0,Music,Tablet,Afternoon,1,1,2024-04-02 15:23:22,0.7901985906470211
39664,44368,2733,1146.0,0,0,0,Music,Desktop,Morning,0,0,2024-08-08 10:28:33,0.41931942919868276
90350,19764,267,267.0,0,0,0,Education,TV,Afternoon,0,1,2024-06-14 22:16:26,1.0
6815,24966,3595,2951.0,0,0,0,Education,TV,Afternoon,0,0,2025-04-15 06:17:36,0.8208623087621697
25887,48993,1471,1471.0,1,0,0,Gaming,Desktop,Morning,0,0,2024-12-28 09:34:36,1.0
15534,13876,2772,2772.0,1,0,0,Comedy,Mobile,Afternoon,1,0,2023-04-08 18:21:06,1.0
86541,4736,3141,1727.0,1,0,0,Sports,Desktop,Evening,0,1,2025-08-10 07:50:24,0.5498248965297676
61710,14875,68,68.0,1,0,0,Gaming,Desktop,Night,0,0,2023-06-09 12:10:55,1.0
42992,40359,3548,2272.0,1,1,0,News,Mobile,Afternoon,0,0,2023-09-09 03:38:56,0.6403607666290868
87887,27510,2770,2770.0,1,0,1,Education,Desktop,Night,0,0,2023-10-19 05:11:16,1.0
92053,27565,2745,2190.0,0,0,0,Gaming,Desktop,Evening,0,0,2025-05-20 14:54:19,0.7978142076502732
40723,39045,170,170.0,1,0,0,Music,Tablet,Evening,0,0,2025-03-01 11:16:56,1.0
43405,16481,327,327.0,1,0,0,Tech,Mobile,Night,0,0,2025-08-29 04:29:08,1.0
76252,27847,1983,1983.0,1,0,0,Comedy,Mobile,Afternoon,1,1,2024-03-24 05:58:27,1.0
38214,35235,61,61.0,0,0,1,Music,Tablet,Evening,1,0,2025-07-02 09:57:20,1.0
65601,34851,686,686.0,0,0,0,Music,Desktop,Morning,0,0,2024-06-17 01:47:38,1.0
29987,36321,2197,2197.0,1,0,0,Education,Desktop,Morning,1,0,2023-06-09 00:46:46,1.0
67919,25594,1026,1026.0,1,1,0,Lifestyle,Desktop,Evening,1,1,2024-01-11 08:09:33,1.0
39385,33078,104,104.0,0,0,0,Gaming,Tablet,Evening,0,0,2024-01-28 06:21:28,1.0
60981,17468,2402,411.0,0,0,0,Comedy,Tablet,Night,0,0,2023-05-27 05:52:56,0.17110741049125727
27840,40415,1102,1102.0,0,0,0,Comedy,Tablet,Morning,0,0,2024-03-08 18:32:57,1.0
23960,2168,50,50.0,0,0,0,News,Desktop,Night,0,1,2023-09-16 04:30:22,1.0
23349,31182,842,842.0,1,0,0,Lifestyle,Tablet,Evening,1,0,2025-05-03 10:25:04,1.0
20872,35619,2495,1584.0,0,0,0,Music,Desktop,Evening,0,1,2023-09-28 11:48:50,0.6348697394789579
67971,23324,190,190.0,0,0,0,Gaming,Mobile,Morning,1,1,2023-04-05 20:10:47,1.0
13656,36200,762,762.0,0,0,0,Comedy,Desktop,Morning,0,0,2025-06-12 19:51:29,1.0
19780,25322,674,497.0,1,0,0,Comedy,TV,Night,1,1,2024-08-05 20:50:04,0.7373887240356083
94996,25203,3185,1892.0,0,0,0,Comedy,Desktop,Evening,0,1,2024-04-21 12:59:35,0.5940345368916797
34504,41803,1337,1337.0,1,0,0,Gaming,Desktop,Evening,0,0,2025-08-28 14:36:17,1.0
90639,35528,1526,1526.0,0,0,0,Sports,Desktop,Morning,1,0,2025-06-05 15:37:18,1.0
47362,28322,2427,2427.0,0,0,0,Comedy,TV,Morning,0,0,2024-10-14 18:15:50,1.0
21455,13501,1054,466.0,1,0,0,Gaming,Desktop,Evening,0,0,2024-08-28 12:44:58,0.44212523719165087
25323,1339,2701,326.0,1,0,0,Music,TV,Morning,1,0,2024-09-29 05:28:12,0.12069603850425768
48961,26240,2473,1821.0,0,0,0,Education,Mobile,Morning,0,0,2025-08-02 06:42:27,0.7363526081682168
71639,18117,1142,1142.0,0,0,0,Music,Desktop,Night,1,0,2024-10-25 09:25:37,1.0
43456,10503,2719,2719.0,1,0,0,Education,Tablet,Night,1,0,2023-04-08 06:20:05,1.0
46352,48763,747,747.0,0,0,1,Tech,Tablet,Afternoon,0,0,2023-07-17 16:43:13,1.0
25572,18212,2645,1197.0,0,0,0,Sports,Desktop,Morning,0,1,2025-05-23 22:45:04,0.45255198487712667
38589,43279,2645,1369.0,0,0,0,News,Desktop,Morning,0,0,2024-09-10 23:59:46,0.5175803402646503
1741,27984,94,94.0,1,0,0,Lifestyle,Mobile,Afternoon,1,1,2023-09-07 23:37:12,1.0
34365,5824,3187,1905.0,0,0,0,Tech,Tablet,Afternoon,0,1,2025-01-27 21:01:54,0.5977408220897396
90229,2558,1189,1189.0,1,0,0,Gaming,Tablet,Afternoon,0,0,2024-12-11 05:46:01,1.0
73410,34126,36,36.0,1,0,0,Sports,Tablet,Night,1,0,2023-12-14 22:18:53,1.0
36517,29479,2967,2452.0,0,0,0,Sports,Tablet,Afternoon,1,0,2025-05-19 22:07:44,0.8264239973036738
63315,11348,1326,1326.0,1,0,0,Music,Mobile,Afternoon,1,0,2024-11-05 22:09:20,1.0
28391,32332,1398,1233.0,0,0,0,Sports,TV,Night,0,0,2024-10-20 15:18:25,0.8819742489270386
82297,22931,1894,1894.0,1,0,1,Sports,Tablet,Evening,0,1,2023-01-11 00:31:00,1.0
47326,3358,1349,1349.0,0,0,0,News,Tablet,Morning,0,0,2023-05-19 09:09:46,1.0
17654,38165,2680,2680.0,0,0,0,Music,TV,Afternoon,1,0,2023-04-05 22:12:59,1.0
76065,205,2933,2087.0,0,0,0,Comedy,Mobile,Night,1,0,2025-09-10 23:06:49,0.7115581316058643
20346,34021,2916,2839.0,0,0,0,Comedy,Mobile,Evening,1,0,2024-12-23 19:13:05,0.9735939643347051
17167,923,2974,2974.0,0,0,0,Tech,Desktop,Evening,0,1,2025-04-20 08:04:47,1.0
38002,36792,1795,1795.0,1,0,0,Sports,Tablet,Night,0,0,2025-04-05 20:15:33,1.0
87048,33007,460,460.0,0,0,0,Gaming,Tablet,Morning,0,1,2025-02-03 05:04:47,1.0
30802,30526,1018,1018.0,0,0,0,Tech,Mobile,Night,0,0,2023-09-21 00:51:24,1.0
11738,1105,3286,652.0,1,0,0,Education,Mobile,Morning,1,0,2023-10-27 14:54:55,0.19841752891052952
29548,24233,886,886.0,1,0,0,Sports,TV,Evening,1,1,2025-01-08 20:08:53,1.0
61020,43393,2008,2008.0,0,0,0,News,Mobile,Morning,1,0,2024-06-06 23:01:45,1.0
42370,18299,3478,1775.0,1,0,0,Music,Mobile,Night,1,0,2023-06-18 01:50:30,0.5103507763082231
13187,3344,2989,2119.0,0,0,0,Comedy,Tablet,Morning,1,1,2024-03-03 10:21:09,0.7089327534292406
24241,7458,413,413.0,0,0,0,Sports,Desktop,Night,1,1,2023-04-21 02:41:11,1.0
14744,44652,152,152.0,1,0,0,Sports,Mobile,Morning,0,0,2023-10-16 09:55:57,1.0
5381,24436,2508,2341.0,0,0,0,Sports,Tablet,Evening,0,0,2025-04-10 10:50:02,0.9334130781499203
81979,46952,129,129.0,1,0,0,Sports,Desktop,Night,1,1,2023-12-19 11:43:46,1.0
20059,47486,1963,1963.0,0,0,0,Sports,Desktop,Evening,1,0,2023-03-03 15:48:48,1.0
95943,15293,314,314.0,0,0,1,Tech,TV,Morning,0,0,2023-10-25 23:21:12,1.0
50724,1416,2737,2737.0,1,0,0,Music,Tablet,Afternoon,0,1,2023-08-10 18:15:51,1.0
26913,42635,675,675.0,1,0,0,Gaming,Desktop,Evening,0,0,2023-01-31 19:04:09,1.0
12265,4475,447,447.0,0,0,0,Gaming,Mobile,Afternoon,0,0,2023-05-19 22:48:52,1.0
67928,13377,1117,54.0,1,0,1,Lifestyle,Tablet,Afternoon,0,0,2025-07-17 06:16:28,0.048343777976723366
57195,26966,251,251.0,0,0,0,News,Tablet,Night,1,0,2023-10-03 11:22:01,1.0
91983,17855,420,9.0,1,0,0,Gaming,Tablet,Afternoon,0,0,2023-07-10 23:35:02,0.02142857142857143
93707,17444,3027,3027.0,1,0,0,Sports,TV,Morning,1,0,2025-04-29 11:40:52,1.0
6367,30010,1012,296.0,0,0,0,News,Desktop,Night,0,0,2024-11-29 01:31:55,0.2924901185770751
12138,25995,2550,2550.0,0,0,0,Tech,TV,Night,1,0,2024-06-20 02:17:37,1.0
12872,27905,3288,3069.0,0,0,0,Gaming,Desktop,Night,0,0,2023-11-08 11:59:12,0.9333941605839416
237,48460,691,691.0,1,0,0,Gaming,Mobile,Night,0,0,2024-03-16 20:15:25,1.0
72995,37717,2337,1043.0,1,0,0,Education,Tablet,Morning,0,0,2025-03-27 06:03:02,0.4462986735130509
62008,10607,3248,1280.0,0,0,0,Comedy,Mobile,Night,0,0,2024-02-02 23:46:44,0.39408866995073893
11978,20711,3255,3230.0,0,0,0,News,Desktop,Afternoon,0,0,2025-09-24 18:06:31,0.9923195084485407
21375,48070,2532,807.0,0,0,0,Education,TV,Morning,0,0,2024-07-09 16:02:38,0.3187203791469194
58376,47730,1997,641.0,0,1,0,Gaming,Tablet,Night,0,1,2024-01-23 10:52:03,0.32098147220831247
56408,47648,2163,1339.0,0,0,0,Comedy,Tablet,Evening,0,0,2023-05-27 17:17:30,0.6190476190476191
18154,48522,505,505.0,0,0,0,Music,Desktop,Night,1,1,2024-12-30 11:12:10,1.0
41569,3736,737,737.0,0,0,0,Comedy,Mobile,Morning,1,0,2025-02-28 00:48:02,1.0
47282,42488,782,782.0,1,0,0,Music,Mobile,Night,0,0,2025-09-05 15:02:09,1.0
74645,5363,690,336.0,1,0,0,Gaming,Tablet,Evening,1,0,2023-12-14 00:51:54,0.48695652173913045
72255,6195,3277,1181.0,0,0,0,Gaming,Mobile,Afternoon,0,0,2024-05-23 05:17:46,0.3603906011595972
56817,45079,238,238.0,0,0,0,News,TV,Evening,0,0,2025-04-03 06:21:25,1.0
4921,25481,1738,144.0,0,0,1,Comedy,Desktop,Afternoon,1,0,2023-04-02 01:53:26,0.08285385500575373
91470,44266,1128,968.0,0,0,0,Sports,Tablet,Afternoon,0,0,2025-06-17 05:04:17,0.8581560283687943
46678,39343,1795,347.0,1,0,0,News,TV,Morning,1,0,2025-02-18 21:25:06,0.19331476323119778
63333,42007,1691,1691.0,1,0,0,Gaming,Tablet,Evening,0,0,2023-05-07 00:19:26,1.0
8424,27201,1205,1205.0,0,0,0,Lifestyle,Desktop,Morning,1,1,2023-02-22 20:47:52,1.0
91743,48255,274,274.0,0,0,0,Music,Mobile,Evening,0,0,2023-10-15 16:19:31,1.0
88691,30471,3430,1404.0,1,0,0,Comedy,Mobile,Night,0,0,2024-01-04 20:05:56,0.40932944606413996
20576,24464,2556,2369.0,1,0,0,Sports,Desktop,Afternoon,0,0,2024-05-31 00:20:26,0.9268388106416275
65238,15022,1115,298.0,0,1,0,Lifestyle,Tablet,Morning,0,1,2024-05-14 17:57:46,0.2672645739910314
49631,34513,275,275.0,1,0,0,Tech,Desktop,Night,0,1,2024-02-07 18:28:03,1.0
84678,2246,703,703.0,0,0,0,Sports,Mobile,Morning,1,0,2023-11-02 20:42:29,1.0
33186,25287,617,617.0,0,0,0,Lifestyle,Desktop,Night,0,1,2025-05-16 05:17:58,1.0
24337,21060,2663,2302.0,1,0,0,Gaming,Mobile,Night,1,0,2024-05-15 14:37:09,0.8644386030792339
85404,9649,3453,1284.0,1,1,0,News,Tablet,Afternoon,1,1,2023-12-11 18:27:02,0.37185056472632494
40011,43472,2985,1486.0,1,0,0,Education,Mobile,Morning,1,1,2024-03-03 15:00:59,0.497822445561139
49693,4952,2352,1454.0,1,0,0,Education,TV,Morning,0,1,2023-12-30 10:02:22,0.6181972789115646
16171,8356,2478,2478.0,0,0,0,music,Mobile,Morning,1,1,2024-10-03 22:41:32,1.0
79304,6197,3045,3045.0,1,0,0,News,Mobile,Night,0,0,2025-03-08 18:14:36,1.0
31535,32638,2562,458.0,1,0,0,Gaming,TV,Night,1,1,2025-05-23 18:37:44,0.17876658860265418
53154,17425,2019,783.0,0,0,0,Sports,Mobile,Evening,0,1,2025-06-21 05:11:43,0.38781575037147104
99060,28383,1329,1329.0,1,0,0,Music,Tablet,Night,0,0,2024-09-11 10:29:00,1.0
81662,46678,3531,898.0,0,0,0,Comedy,Desktop,Afternoon,1,0,2023-03-25 11:57:55,0.2543188898329085
15087,15950,2096,1394.0,0,0,0,Tech,Desktop,Evening,0,1,2024-07-27 17:17:07,0.6650763358778626
85564,4150,449,449.0,0,0,0,Education,Mobile,Morning,1,1,2024-02-16 07:56:24,1.0
27264,318,2864,2602.0,0,0,0,Sports,TV,Night,0,0,2024-07-03 11:34:09,0.9085195530726257
53460,31337,738,738.0,0,0,0,Education,Mobile,Night,0,1,2024-11-15 23:39:23,1.0
40527,4869,2464,2464.0,0,1,0,Comedy,Desktop,Morning,1,0,2023-07-13 11:04:18,1.0
16946,48539,2783,221.0,0,0,0,Gaming,Mobile,Night,0,0,2025-09-03 07:02:00,0.0794107078692059
80722,2820,2399,2399.0,0,0,0,Gaming,Tablet,Night,0,0,2025-03-30 05:11:56,1.0
38020,23257,770,770.0,0,0,0,Lifestyle,Desktop,Afternoon,0,1,2023-07-08 11:07:27,1.0
56883,7390,804,237.0,1,0,0,Comedy,TV,Evening,0,0,2023-06-05 13:56:00,0.2947761194029851
89228,32554,3525,2987.0,0,0,0,News,TV,Afternoon,0,0,2025-06-08 06:51:01,0.8473758865248227
83469,32495,2510,1681.0,1,0,0,Lifestyle,Tablet,Evening,1,0,2024-06-19 13:36:03,0.6697211155378486
2716,48538,2083,2083.0,1,0,0,Tech,Tablet,Morning,0,0,2024-11-30 02:59:07,1.0
73695,21804,3410,3410.0,1,0,0,Music,Mobile,Morning,0,0,2024-09-08 16:29:26,1.0
48720,44519,617,617.0,0,0,0,Lifestyle,Tablet,Afternoon,1,0,2024-11-02 04:48:03,1.0
26990,17952,3530,3090.0,1,0,0,Education,Desktop,Afternoon,0,0,2024-01-29 05:10:50,0.8753541076487252
58940,38920,932,75.0,0,0,0,Music,TV,Morning,0,0,2025-03-06 15:12:47,0.08047210300429185
4685,20725,669,669.0,1,0,0,Lifestyle,Desktop,Evening,0,0,2023-06-02 02:20:39,1.0
6128,44892,210,210.0,0,0,0,News,Tablet,Evening,1,1,2025-05-27 11:53:45,1.0
85441,45735,3473,1334.0,0,0,0,Education,Tablet,Night,0,0,2023-09-02 09:11:31,0.3841059602649007
37968,10234,740,587.0,0,0,0,Lifestyle,Desktop,Evening,1,0,2023-07-12 01:18:39,0.7932432432432432
71234,39008,1641,1641.0,0,0,0,Music,Tablet,Morning,1,0,2024-04-21 08:49:02,1.0
79978,39460,2042,1663.0,0,0,0,Comedy,Desktop,Afternoon,0,0,2023-11-21 01:23:29,0.8143976493633692
7513,1461,1794,1794.0,0,0,1,Music,Mobile,Evening,0,0,2023-09-21 08:43:37,1.0
11435,25205,628,628.0,0,0,0,Tech ,Desktop,Morning,0,1,2025-04-08 23:38:11,1.0
94987,14258,2775,1627.0,1,0,0,Tech,Tablet,Morning,0,0,2024-09-13 21:28:46,0.5863063063063063
23270,24606,2169,2169.0,1,0,0,Lifestyle,Tablet,Morning,0,1,2025-09-29 14:28:10,1.0
91173,39487,2359,2359.0,0,0,0,Education,Desktop,Night,1,1,2023-08-24 22:52:52,1.0
58225,40390,316,316.0,1,0,0,Gaming,Mobile,Evening,0,0,2023-09-21 14:01:22,1.0
78983,14819,3433,2747.0,0,0,0,News,Tablet,Night,0,1,2025-04-08 01:41:39,0.8001747742499272
41225,15867,3019,762.0,0,0,0,Sports,Desktop,Afternoon,0,1,2023-10-08 18:52:23,0.25240145743623715
29084,36960,662,662.0,0,0,0,Lifestyle,Mobile,Afternoon,1,0,2024-09-21 13:40:16,1.0
32908,40488,896,631.0,1,0,0,Lifestyle,Desktop,Evening,0,1,2023-12-06 15:09:08,0.7042410714285714
16880,38592,1864,1291.0,1,0,0,Gaming,Desktop,Morning,1,0,2023-12-26 20:33:39,0.6925965665236051
19460,516,747,747.0,0,0,0,News,Tablet,Afternoon,0,0,2025-03-30 07:40:20,1.0
90595,8993,2030,899.0,0,0,0,Lifestyle,TV,Morning,0,0,2024-10-19 19:09:13,0.44285714285714284
33232,44581,2454,1951.0,0,0,0,Tech,Desktop,Night,1,0,2025-07-05 15:52:08,0.7950285248573757
17237,6443,617,617.0,0,0,0,Comedy,Tablet,Afternoon,0,1,2023-04-17 16:04:46,1.0
30950,17382,3376,375.0,0,0,0,Lifestyle,Desktop,Morning,1,1,2024-08-07 15:23:18,0.1110781990521327
48871,28298,1670,480.0,0,0,0,Lifestyle,Desktop,Night,1,1,2025-02-28 11:45:07,0.2874251497005988
15370,26406,2133,843.0,1,0,1,Lifestyle,Mobile,Morning,1,0,2023-09-14 14:59:26,0.3952180028129395
20995,41601,104,104.0,0,0,0,Gaming,Tablet,Morning,1,1,2023-06-07 05:55:30,1.0
82519,11652,107,107.0,1,0,0,Lifestyle,Mobile,Morning,1,0,2024-05-08 09:44:43,1.0
7378,33480,544,544.0,1,0,0,Lifestyle,Tablet,Afternoon,0,0,2024-07-17 19:14:02,1.0
31005,42743,2115,1329.0,1,0,0,Music,TV,Evening,0,1,2025-01-28 14:18:22,0.6283687943262412
32369,10491,2769,304.0,0,0,0,Music,Mobile,Morning,0,0,2024-09-04 16:11:21,0.10978692668833515
17288,2833,384,384.0,0,0,0,News,Tablet,Night,1,0,2023-03-22 06:03:44,1.0
23268,10481,1523,1523.0,0,0,1,Sports,Desktop,Afternoon,1,0,2024-04-20 09:32:19,1.0
1825,31544,1823,1823.0,1,0,0,Tech,Mobile,Evening,0,1,2024-10-16 20:33:06,1.0
16147,13756,2937,441.0,0,0,0,Sports,TV,Evening,0,0,2023-01-21 05:21:41,0.1501532175689479
16604,21871,3596,2146.0,0,0,0,Education,Mobile,Morning,1,1,2024-05-20 06:44:31,0.5967741935483871
10799,15683,424,424.0,0,0,0,Lifestyle,Mobile,Afternoon,1,1,2023-12-12 00:33:56,1.0
17609,36360,380,380.0,1,0,0,Tech,Mobile,Evening,0,1,2025-07-28 15:26:01,1.0
91310,40540,1141,664.0,1,0,0,News,Tablet,Evening,0,0,2024-03-16 12:04:49,0.581945661700263
4971,18190,231,231.0,1,1,0,Comedy,Desktop,Evening,0,0,2024-09-25 10:17:07,1.0
63708,23512,298,298.0,0,0,0,Comedy,Desktop,Evening,1,1,2023-12-17 19:31:18,1.0
11571,31493,3267,3241.0,1,0,0,Lifestyle,Mobile,Evening,0,0,2023-03-29 00:34:03,0.9920416284052648
84691,31817,3064,3064.0,0,0,0,Education,Tablet,Evening,1,0,2024-04-04 19:16:22,1.0
57836,5840,477,242.0,1,0,0,Lifestyle,Mobile,Afternoon,1,0,2023-10-12 21:07:53,0.5073375262054507
21753,32290,2320,1384.0,0,0,0,Sports,Desktop,Night,0,0,2025-07-23 05:07:50,0.596551724137931
57518,19744,1323,575.0,1,0,0,Lifestyle,Desktop,Evening,1,0,2024-09-29 23:30:48,0.4346182917611489
58572,38147,310,310.0,1,0,0,News,Mobile,Morning,0,0,2024-08-17 20:45:26,1.0
54906,30338,1035,1035.0,0,0,0,Tech,Desktop,Night,1,1,2023-10-13 16:52:26,1.0
35284,49992,3373,3155.0,1,0,0,News,Mobile,Evening,0,0,2025-03-08 07:43:45,0.93536910761933
66783,39988,2215,903.0,0,0,0,Gaming,Desktop,Morning,0,1,2024-04-07 22:53:49,0.4076749435665914
28097,6589,2222,328.0,0,0,0,Music,Mobile,Morning,0,0,2024-07-14 02:10:09,0.1476147614761476
60389,40492,987,987.0,0,0,0,News,Tablet,Afternoon,1,0,2023-08-10 13:57:15,1.0
33258,34677,1401,1401.0,0,0,0,Tech,Desktop,Evening,0,0,2025-05-02 10:27:27,1.0
85817,19333,2020,1616.0,0,0,0,Tech,Desktop,Night,0,0,2023-07-08 13:31:27,0.8
20361,18566,1177,1177.0,0,0,0,Tech,Desktop,Night,0,1,2025-09-29 04:51:43,1.0
79069,14103,2312,2312.0,1,0,0,Sports,Mobile,Morning,0,0,2024-08-01 14:01:04,1.0
21299,32038,1714,380.0,0,0,0,Sports,Tablet,Morning,0,0,2023-12-07 12:26:15,0.22170361726954493
56109,33310,192,192.0,0,0,0,Gaming,Tablet,Morning,1,1,2024-04-25 05:12:13,1.0
18879,47456,2545,2545.0,0,0,0,Comedy,Tablet,Morning,0,1,2024-04-15 10:18:28,1.0
39385,6246,2737,2737.0,1,0,0,Comedy,TV,Morning,0,0,2024-12-24 20:29:27,1.0
65743,10447,772,772.0,0,0,0,News,TV,Evening,1,0,2024-09-07 13:12:11,1.0
30396,22024,3557,2478.0,0,0,0,Music,Tablet,Evening,0,0,2024-05-24 16:50:21,0.696654484115828
48075,11363,1856,1503.0,0,0,0,Tech,TV,Afternoon,0,0,2025-09-01 22:51:33,0.8098060344827587
64233,26203,1928,688.0,0,0,0,Music,TV,Morning,1,0,2025-04-28 08:16:41,0.35684647302904565
22338,46161,1266,1266.0,0,0,0,Gaming,Desktop,Evening,0,0,2025-07-30 10:27:57,1.0
52701,8476,3276,1479.0,0,1,0,Music,Desktop,Night,0,0,2023-01-16 13:44:16,0.45146520146520147
89813,18460,1323,1323.0,1,0,0,Gaming,Mobile,Morning,1,0,2025-07-07 13:22:51,1.0
95289,43751,3384,85.0,0,1,0,Sports,TV,Night,0,1,2025-05-24 03:25:18,0.025118203309692673
29528,20316,2151,2151.0,0,1,0,Lifestyle,TV,Morning,0,0,2024-08-02 01:03:58,1.0
81711,26870,2609,1775.0,0,0,0,Music,Mobile,Afternoon,0,0,2025-02-15 03:14:35,0.6803372939823688
82709,48311,1868,104.0,0,0,0,Lifestyle,Mobile,Morning,0,0,2025-04-26 11:46:41,0.055674518201284794
52538,19142,445,445.0,1,0,0,Tech,Mobile,Evening,0,1,2025-01-25 22:44:19,1.0
32584,1009,1228,1228.0,0,0,0,Comedy,TV,Morning,0,0,2025-08-02 10:25:52,1.0
64785,33547,292,292.0,0,0,0,Comedy,Desktop,Afternoon,0,0,2024-02-07 01:19:50,1.0
70352,10591,2536,2326.0,0,0,0,Lifestyle,Desktop,Morning,1,1,2025-09-09 10:47:14,0.917192429022082
3247,41556,1837,1837.0,0,0,0,Tech,TV,Afternoon,1,0,2024-12-10 03:48:51,1.0
46911,41854,894,894.0,0,0,0,Comedy,Desktop,Evening,0,0,2023-07-18 17:07:53,1.0
31305,43885,443,443.0,0,0,0,Music,Mobile,Afternoon,1,1,2024-10-17 21:39:15,1.0
58362,38741,3556,3428.0,0,0,0,Sports,Mobile,Morning,1,0,2023-02-09 22:54:15,0.9640044994375703
87344,20449,665,665.0,0,0,0,Sports,TV,Afternoon,1,0,2025-05-28 15:15:57,1.0
77420,20485,1962,1962.0,0,0,0,Lifestyle,Mobile,Afternoon,0,0,2023-06-01 05:15:08,1.0
89062,33942,747,396.0,1,0,0,Music,Desktop,Morning,0,0,2023-02-21 15:12:45,0.5301204819277109
94362,19840,387,387.0,0,0,0,Lifestyle,Desktop,Afternoon,0,0,2025-04-13 06:55:05,1.0
26647,35196,2083,290.0,0,0,0,Education,Desktop,Morning,0,1,2023-11-09 07:09:02,0.13922227556409025
52312,21428,1846,251.0,0,0,0,Tech,Desktop,Night,0,0,2025-09-18 14:36:53,0.13596966413867823
85766,25802,1017,1015.0,0,0,0,News,Desktop,Night,1,0,2024-10-19 08:42:58,0.9980334316617503
79313,37318,2605,100.0,1,0,0,Sports,Mobile,Morning,1,0,2023-10-24 06:33:37,0.03838771593090211
42771,15415,2880,2785.0,0,0,0,Comedy,Tablet,Night,0,1,2025-03-13 00:15:01,0.9670138888888888
73316,24039,2970,2831.0,1,0,0,Music,Mobile,Night,0,0,2025-09-12 19:56:39,0.9531986531986532
824,29876,2083,2083.0,1,0,0,Lifestyle,Tablet,Afternoon,0,1,2024-06-30 11:20:00,1.0
62615,23040,3554,3143.0,1,0,0,Lifestyle,Mobile,Afternoon,1,0,2024-08-24 14:48:59,0.8843556555993247
24718,39133,1606,1606.0,1,0,0,Comedy,Mobile,Night,1,1,2025-01-16 09:56:34,1.0
11065,45177,611,611.0,0,0,0,Education,TV,Evening,1,0,2023-02-04 08:03:49,1.0
19484,35160,991,991.0,0,0,0,Education,Tablet,Morning,1,0,2024-09-14 13:06:42,1.0
38940,29048,2502,109.0,0,0,1,Lifestyle,Mobile,Night,0,0,2023-08-18 21:06:26,0.043565147881694646
16231,41050,196,196.0,0,0,0,News,Desktop,Afternoon,1,1,2023-07-23 20:05:25,1.0
54996,27332,3112,1435.0,1,0,0,Education,Desktop,Morning,0,1,2023-11-11 11:56:06,0.4611182519280206
94630,37489,1144,535.0,0,0,0,Education,Tablet,Night,0,1,2023-03-07 18:15:59,0.46765734265734266
84325,43415,2563,2563.0,0,0,0,Gaming,TV,Morning,0,0,2024-02-23 09:06:37,1.0
76874,8321,2786,1894.0,1,0,0,Tech,Mobile,Evening,0,0,2025-05-09 03:34:40,0.6798277099784638
47020,22968,2528,256.0,0,0,0,Gaming,TV,Afternoon,0,0,2025-06-05 14:41:00,0.10126582278481013
97101,16363,3383,1561.0,0,0,0,Education,Mobile,Afternoon,1,0,2024-08-16 12:22:06,0.46142477091339046
9069,45422,820,596.0,0,0,0,Comedy,Tablet,Afternoon,0,1,2024-07-18 15:01:20,0.7268292682926829
26702,6438,905,905.0,1,0,0,Education,Desktop,Afternoon,1,0,2024-05-31 17:36:01,1.0
21299,16716,87,87.0,1,0,1,Sports,Desktop,Afternoon,1,0,2025-06-20 18:37:40,1.0
31429,41862,805,805.0,0,0,0,Tech,Desktop,Evening,0,0,2024-03-28 00:56:26,1.0
24647,25460,70,70.0,0,0,0,Sports,Desktop,Evening,0,0,2024-05-27 12:41:58,1.0
17039,23612,2390,1058.0,0,1,0,News,TV,Morning,1,0,2025-09-13 23:38:54,0.4426778242677824
73954,7702,3554,3314.0,0,0,0,Education,Mobile,Night,1,0,2025-06-17 13:51:19,0.9324704558244232
88319,28403,1510,1322.0,0,0,0,Sports,Mobile,Night,0,1,2024-09-07 18:44:59,0.8754966887417218
30182,9634,2182,2182.0,1,1,0,Gaming,Mobile,Evening,0,0,2025-07-24 18:00:56,1.0
84009,8962,1790,998.0,1,0,0,Education,TV,Night,0,0,2024-09-24 04:22:24,0.5575418994413408
65499,31186,3066,1864.0,0,0,0,Education,Mobile,Afternoon,0,0,2024-09-18 18:02:48,0.6079582517938682
22930,8716,3284,318.0,0,0,0,Music,Tablet,Morning,0,1,2025-06-02 04:30:39,0.09683313032886723
82132,20664,2509,2509.0,1,0,0,Gaming,Desktop,Morning,0,1,2025-07-22 08:15:09,1.0
18264,13992,176,176.0,0,0,0,Lifestyle,Mobile,Evening,0,0,2023-01-23 17:40:58,1.0
41851,17490,1066,1033.0,0,0,0,Music,TV,Night,1,1,2024-03-02 04:39:10,0.9690431519699813
51013,38683,1291,1291.0,1,0,0,Music,Tablet,Evening,0,0,2024-09-16 10:37:30,1.0
76284,8125,1331,1331.0,0,0,0,Comedy,Mobile,Evening,0,0,2024-08-30 04:20:47,1.0
4759,49508,2428,2031.0,0,0,0,Comedy,Mobile,Morning,1,1,2023-04-05 01:31:21,0.836490939044481
73838,575,1467,1467.0,0,0,0,Music,Tablet,Afternoon,1,0,2024-03-27 14:45:21,1.0
82559,40122,2894,621.0,1,0,0,Lifestyle,Mobile,Evening,0,1,2025-04-01 23:41:10,0.21458189357290947
7576,34458,2839,1104.0,0,0,0,Comedy,Tablet,Evening,0,1,2024-08-29 21:12:52,0.38886932018316306
32162,14519,2401,1984.0,0,1,0,Lifestyle,TV,Evening,1,0,2023-07-13 17:33:11,0.8263223656809663
53094,21361,894,894.0,1,0,0,Gaming,Mobile,Morning,0,0,2023-11-27 04:00:06,1.0
40794,26545,3023,1801.0,0,0,1,Sports,Mobile,Afternoon,1,0,2024-05-21 00:52:06,0.5957657955673172
19667,29166,2179,1535.0,0,1,0,Tech,Desktop,Afternoon,0,1,2025-06-15 03:10:41,0.7044515832950895
71735,32830,731,76.0,1,0,0,Sports,Mobile,Night,0,0,2025-02-07 05:06:08,0.1039671682626539
45131,19580,805,805.0,1,0,0,Sports,Desktop,Night,0,0,2025-01-30 01:21:25,1.0
52109,42310,2049,298.0,0,0,0,Comedy,Tablet,Morning,0,0,2023-10-03 17:09:16,0.14543679843826257
66759,25578,1464,1464.0,1,0,0,News,Tablet,Afternoon,0,0,2024-08-23 08:14:57,1.0
97623,48033,410,410.0,1,0,0,Sports,Desktop,Afternoon,1,1,2025-09-06 23:16:35,1.0
54013,18483,2522,475.0,0,0,0,Sports,TV,Evening,0,0,2024-07-29 20:21:55,0.18834258524980174
12103,48939,2945,2945.0,1,0,0,Music,Mobile,Morning,0,1,2023-12-28 19:23:07,1.0
6836,42178,1980,1980.0,0,0,0,Music,Tablet,Evening,0,0,2023-04-30 12:30:38,1.0
22006,23437,2271,2271.0,0,0,0,Music,Mobile,Morning,1,1,2024-08-06 08:35:45,1.0
71789,36801,633,633.0,1,0,0,Gaming,TV,Morning,0,0,2025-01-04 21:22:07,1.0
36652,18014,636,636.0,1,0,0,Lifestyle,Tablet,Evening,0,0,2023-06-10 12:31:31,1.0
18111,19295,3418,1135.0,1,1,0,Music,Tablet,Afternoon,0,0,2024-10-13 13:19:43,0.3320655354008192
72504,42790,3017,27.0,0,0,0,Sports,Tablet,Afternoon,0,1,2024-08-10 05:45:49,0.008949287371561154
98841,29990,2961,1947.0,0,0,0,Lifestyle,Tablet,Evening,0,0,2024-10-13 14:09:30,0.6575481256332321
18194,5000,2613,2613.0,0,0,0,Gaming,Tablet,Night,0,1,2024-05-30 05:41:41,1.0
98442,49860,2195,2195.0,1,0,0,Gaming,Mobile,Afternoon,1,1,2025-07-20 06:08:22,1.0
85958,22956,1155,1155.0,0,0,0,Music,Desktop,Morning,1,0,2023-10-15 21:20:09,1.0
32303,40940,2307,298.0,0,0,0,Sports,Mobile,Morning,1,0,2023-05-22 14:22:59,0.129172084958821
4873,4131,465,465.0,0,0,0,Education,TV,Evening,0,0,2024-10-13 21:04:01,1.0
92356,24439,2922,789.0,1,0,0,Comedy,Mobile,Afternoon,1,0,2025-06-20 01:19:01,0.27002053388090347
46686,20871,1543,1543.0,0,1,0,Tech,Desktop,Afternoon,0,0,2025-04-01 12:42:12,1.0
21092,34531,3127,1740.0,0,0,0,Comedy,TV,Morning,1,0,2023-04-26 05:53:27,0.5564438759194116
67425,14146,1367,1367.0,0,0,0,Gaming,TV,Morning,0,0,2023-02-13 19:47:45,1.0
67406,21308,422,422.0,1,0,0,Sports,Mobile,Morning,1,0,2023-08-26 19:37:36,1.0
32017,28510,3584,479.0,1,0,0,Education,Tablet,Morning,1,0,2024-05-28 22:09:37,0.13364955357142858
54445,49006,2044,7368.0,NULL,0,0,gamingg,TV,Afternoon,1,0,2023-08-06 18:01:52,3.604696673189824
37034,42255,2932,1470.0,0,0,0,Education,Mobile,Afternoon,0,0,2025-03-08 05:10:49,0.5013642564802183
54006,5067,2961,2040.0,0,0,0,Education,Desktop,Afternoon,1,0,2024-09-26 18:54:09,0.6889564336372846
96852,38596,2453,2453.0,1,0,0,Education,Mobile,Afternoon,1,1,2025-05-01 08:39:50,1.0
57315,14670,3221,2283.0,0,0,0,Gaming,TV,Afternoon,1,1,2025-03-11 06:58:41,0.7087860912760012
50153,5846,1624,880.0,0,0,0,Education,Mobile,Night,1,0,2023-07-17 14:52:17,0.541871921182266
4925,4322,970,970.0,0,0,0,MUsic,Tablet,Evening,0,0,2023-08-26 21:51:56,1.0
47035,19282,1005,248.0,1,0,0,Tech,Tablet,Evening,0,0,2024-08-09 17:01:33,0.24676616915422886
53276,35105,894,894.0,1,0,0,Lifestyle,Desktop,Morning,0,1,2023-09-11 13:59:14,1.0
18549,35253,1648,1648.0,0,0,0,Sports,Desktop,Morning,1,1,2025-03-18 15:45:26,1.0
70755,4249,207,207.0,1,0,0,Education,Tablet,Morning,0,0,2023-06-20 06:21:22,1.0
41410,31198,931,931.0,1,0,0,Sports,TV,Evening,0,1,2024-07-02 19:07:00,1.0
99125,29265,2664,2664.0,0,0,0,Sports,Mobile,Night,0,0,2023-01-21 01:07:48,1.0
51725,28450,353,353.0,0,0,0,Education,TV,Morning,0,1,2024-01-06 20:18:04,1.0
32894,22350,980,187.0,1,0,0,Lifestyle,Mobile,Morning,0,0,2024-05-28 00:52:35,0.19081632653061226
22099,16140,2947,1815.0,1,1,0,Education,Mobile,Morning,0,1,2025-05-19 12:08:58,0.6158805564981337
22935,18958,1946,1946.0,0,0,0,Gaming,TV,Morning,1,0,2023-11-18 19:02:27,1.0
18799,17708,367,367.0,0,0,0,Sports,Tablet,Night,0,1,2023-07-20 12:57:29,1.0
72255,43425,3033,1866.0,0,0,0,Music,Mobile,Afternoon,0,0,2025-01-12 07:27:18,0.6152324431256182
17099,24403,385,310.0,0,0,0,Comedy,Mobile,Evening,0,0,2024-06-25 20:56:48,0.8051948051948052
88032,8665,2886,2886.0,0,0,0,Gaming,Desktop,Afternoon,0,0,2023-12-23 16:29:56,1.0
98298,503,1879,26.0,0,0,0,Comedy,TV,Night,1,0,2023-07-01 09:47:38,0.013837147418839808
54543,46647,3422,2890.0,0,0,0,Lifestyle,Mobile,Afternoon,1,0,2023-12-11 19:18:43,0.8445353594389247
87799,27519,2878,2878.0,0,0,0,Comedy,Desktop,Night,0,0,2025-02-07 13:01:43,1.0
78102,38248,3456,977.0,1,0,0,Tech,Desktop,Evening,0,1,2025-06-16 14:21:36,0.28269675925925924
6897,18815,2272,2272.0,0,0,0,Gaming,Mobile,Afternoon,0,0,2025-07-14 09:41:08,1.0
18577,29831,1335,1335.0,0,0,0,Gaming,Tablet,Night,0,0,2024-01-12 18:47:44,1.0
73443,591,305,305.0,1,0,0,Sports,Mobile,Night,0,0,2024-11-12 15:44:49,1.0
66463,773,3488,3379.0,0,0,1,Sports,Desktop,Afternoon,1,0,2025-03-28 09:08:56,0.96875
39771,21348,2349,2349.0,0,0,0,Gaming,TV,Evening,0,0,2025-08-02 13:10:09,1.0
31998,44957,896,896.0,0,0,0,Gaming,TV,Night,0,0,2024-10-04 19:30:51,1.0
75661,4525,3127,641.0,0,0,0,News,Tablet,Night,0,0,2023-03-12 21:28:32,0.20498880716341542
17103,38668,3222,453.0,0,0,0,Lifestyle,Mobile,Morning,0,0,2025-09-06 05:56:24,0.14059590316573556
81639,26485,166,166.0,0,1,1,Gaming,Desktop,Evening,0,0,2025-04-26 21:17:25,1.0
57893,20768,2368,2368.0,1,0,0,News,Desktop,Night,0,0,2025-02-18 06:01:53,1.0
23099,32010,2200,2059.0,0,0,0,Gaming,Tablet,Afternoon,1,0,2025-05-17 19:59:31,0.9359090909090909
90379,20393,2418,2193.0,0,0,0,Tech,Desktop,Night,1,0,2025-01-09 13:49:03,0.9069478908188585
99706,7268,386,386.0,0,0,0,News,Tablet,Morning,0,0,2024-04-17 12:10:05,1.0
84558,34575,881,865.0,0,0,0,Music,Mobile,Evening,1,0,2025-04-12 08:48:18,0.981838819523269
2175,39596,680,408.0,0,1,0,Tech,TV,Afternoon,0,1,2024-11-13 02:46:58,0.6
38661,38087,518,518.0,0,0,0,Comedy,Desktop,Evening,0,0,2023-10-22 14:17:03,1.0
78785,26131,1161,1161.0,0,0,0,Comedy,Tablet,Night,0,1,2025-08-05 16:41:33,1.0
11787,37166,1815,1815.0,1,0,0,Education,TV,Evening,0,1,2025-09-14 22:44:45,1.0
80496,49835,813,813.0,0,0,0,Tech,TV,Morning,0,0,2023-07-21 13:49:39,1.0
67521,31104,1371,1371.0,0,1,0,Sports,Desktop,Night,0,0,2023-09-04 18:10:29,1.0
7370,39426,1892,732.0,0,0,0,Lifestyle,TV,Evening,0,1,2023-10-08 19:42:14,0.386892177589852
15798,22585,1510,528.0,0,0,0,Music,Mobile,Morning,0,1,2023-02-23 22:45:29,0.34966887417218545
5214,27129,2748,2748.0,0,0,0,Music,Tablet,Night,1,0,2025-06-18 10:52:29,1.0
44500,46376,2923,2923.0,0,0,0,Lifestyle,Mobile,Morning,0,0,2025-08-20 14:56:55,1.0
94233,23123,3416,3203.0,0,0,0,Education,Desktop,Night,1,0,2023-05-15 13:03:50,0.9376463700234192
4820,20647,2479,1118.0,0,0,0,News,Tablet,Evening,1,0,2025-05-13 15:01:17,0.4509883017345704
40367,12908,2654,200.0,1,0,0,Education,Desktop,Night,0,1,2024-01-22 21:07:04,0.07535795026375283
77219,2233,1144,1144.0,0,0,0,Sports,Desktop,Morning,0,1,2025-05-06 12:47:25,1.0
29495,33215,1436,419.0,0,0,1,Sports,TV,Morning,1,0,2024-04-07 07:53:56,0.2917827298050139
52780,38825,2751,476.0,1,1,0,Tech,Desktop,Evening,0,1,2024-02-07 10:40:46,0.17302798982188294
64004,19510,2841,2707.0,0,0,0,Tech,Tablet,Afternoon,0,0,2024-01-20 15:05:36,0.9528335093277015
7931,13632,1343,1257.0,0,1,0,News,Tablet,Night,1,1,2024-12-19 04:20:38,0.93596425912137
35332,15974,2427,1939.0,1,0,0,News,Tablet,Morning,0,1,2025-04-27 09:03:20,0.7989287185826123
49340,15516,936,936.0,0,0,1,Education,Mobile,Afternoon,0,1,2023-10-11 05:28:27,1.0
22699,39680,30,30.0,1,0,0,Lifestyle,TV,Afternoon,0,0,2024-03-12 22:41:05,1.0
39562,13591,1960,1948.0,0,0,0,Sports,Tablet,Afternoon,0,0,2025-06-05 23:30:55,0.9938775510204082
10498,211,65,65.0,1,0,0,Gaming,Tablet,Evening,0,0,2023-09-01 14:44:19,1.0
43989,1181,323,323.0,0,0,0,Lifestyle,TV,Evening,1,1,2024-04-03 18:24:02,1.0
43264,23201,2406,2406.0,0,0,0,Music,Desktop,Evening,1,1,2024-05-10 07:30:02,1.0
70361,19297,1956,208.0,1,0,1,Tech,Mobile,Night,0,0,2023-07-17 04:23:04,0.10633946830265849
69413,35562,1591,1591.0,0,0,0,Lifestyle,TV,Night,1,0,2023-03-24 09:20:55,1.0
7964,5420,908,56.0,0,0,0,Education,Desktop,Morning,0,1,2023-06-06 17:51:57,0.06167400881057269
2686,24751,1806,1806.0,0,0,0,Comedy,TV,Afternoon,0,1,2025-08-31 10:24:50,1.0
60671,5450,2771,266.0,0,0,0,Gaming,Desktop,Afternoon,0,0,2025-04-18 20:27:41,0.09599422591122339
13070,23146,1822,1822.0,0,0,0,News,Tablet,Morning,1,0,2023-11-07 23:00:50,1.0
23182,40588,908,908.0,0,0,0,Comedy,Desktop,Morning,1,1,2025-01-31 05:14:04,1.0
80053,13899,560,560.0,0,0,0,Education,Mobile,Morning,0,0,2025-07-08 11:12:22,1.0
83827,8778,514,514.0,1,0,0,Music,TV,Evening,1,0,2023-04-14 02:23:33,1.0
10471,2564,961,961.0,0,0,0,Lifestyle,TV,Night,1,0,2023-07-29 08:38:44,1.0
92541,522,3031,2862.0,0,0,0,News,Tablet,Evening,1,0,2023-05-13 05:37:40,0.9442428241504454
15031,32081,2346,82.0,0,0,0,Gaming,Mobile,Afternoon,0,0,2024-01-20 11:59:29,0.03495311167945439
5230,2212,509,509.0,0,0,0,Music,TV,Night,1,1,2023-04-22 15:51:02,1.0
31453,7597,495,495.0,0,1,0,Tech,Mobile,Afternoon,0,0,2023-06-26 14:12:18,1.0
27367,24684,3585,2854.0,0,0,0,Gaming,TV,Afternoon,1,0,2024-12-14 03:30:08,0.7960948396094839
6890,42116,655,655.0,0,0,0,Education,TV,Morning,1,0,2023-06-26 23:20:06,1.0
74118,40220,2620,1450.0,0,0,0,Education,Mobile,Evening,1,0,2025-03-23 07:58:12,0.5534351145038168
69496,36602,100,100.0,1,0,0,Lifestyle,Tablet,Afternoon,0,1,2025-05-19 04:45:37,1.0
97562,27409,2450,437.0,0,0,0,Comedy,Tablet,Afternoon,0,0,2023-03-23 23:25:21,0.1783673469387755
7327,266,497,497.0,0,0,0,News,Mobile,Morning,0,0,2023-12-12 01:09:10,1.0
12749,36377,1319,1305.0,0,0,0,Gaming,Desktop,Evening,0,0,2023-04-30 23:35:09,0.9893858984078847
16002,1098,2319,2319.0,1,0,0,Comedy,Tablet,Morning,1,1,2024-05-20 23:18:31,1.0
35842,26875,3363,89.0,0,0,0,News,Tablet,Evening,0,0,2024-11-03 20:06:31,0.02646446625037169
29978,15058,1983,1983.0,1,1,0,Tech,TV,Evening,1,0,2024-02-16 08:31:44,1.0
78183,13660,3518,254.0,0,1,0,News,Tablet,Morning,0,1,2023-07-04 13:55:49,0.07220011370096646
19735,21933,114,114.0,0,0,0,Sports,Mobile,Evening,0,1,2023-01-07 04:29:05,1.0
99496,43068,1160,1160.0,1,0,0,Education,Tablet,Night,0,0,2024-10-03 19:17:33,1.0
3403,2626,1863,105.0,0,0,0,Gaming,Desktop,Morning,0,0,2024-11-17 03:06:10,0.05636070853462158
53995,6710,1184,60.0,0,1,0,Gaming,Tablet,Evening,1,1,2023-10-30 19:01:05,0.05067567567567568
83583,821,241,241.0,0,0,0,Sports,Desktop,Night,1,0,2024-06-08 22:39:26,1.0
17985,49321,1573,1573.0,1,0,1,News,Desktop,Afternoon,0,0,2025-09-20 14:26:49,1.0
11727,46140,646,646.0,1,0,0,Education,Mobile,Evening,1,0,2025-08-17 19:50:43,1.0
56982,5288,2836,2419.0,0,0,0,Lifestyle,Desktop,Morning,0,1,2024-07-13 08:43:50,0.8529619181946403
41401,25618,1218,1218.0,1,0,0,Gaming,Tablet,Afternoon,1,0,2025-04-24 00:41:55,1.0
44069,6005,892,892.0,1,0,0,News,TV,Morning,0,0,2025-06-13 09:48:56,1.0
37730,15453,2218,2218.0,0,0,0,Lifestyle,Mobile,Afternoon,0,0,2024-09-03 08:33:02,1.0
12209,23432,3244,2357.0,0,0,0,Tech,Desktop,Night,1,0,2025-09-11 10:20:07,0.7265721331689272
24429,41137,2345,2345.0,1,0,0,Comedy,Desktop,Morning,1,1,2024-10-15 13:18:33,1.0
95862,29613,1782,1782.0,0,0,0,Tech,TV,Afternoon,0,1,2025-09-02 17:26:41,1.0
7518,44103,1781,1721.0,1,0,0,Comedy,TV,Night,0,1,2023-04-26 08:30:12,0.9663110612015722
60467,47644,1266,1266.0,0,0,0,News,Tablet,Evening,0,0,2024-11-03 07:52:09,1.0
30012,17777,2276,2276.0,0,0,0,Sports,Mobile,Morning,0,0,2024-11-15 19:56:57,1.0
62760,14621,2433,2433.0,0,0,0,Tech,Desktop,Morning,0,0,2025-02-26 06:01:11,1.0
1908,13860,1880,245.0,0,0,0,Lifestyle,Tablet,Afternoon,1,0,2024-04-14 01:06:50,0.13031914893617022
85453,20108,711,711.0,0,0,0,Gaming,Mobile,Evening,0,0,2024-07-05 16:39:22,1.0
96987,648,3259,864.0,0,0,0,Music,Mobile,Night,1,0,2023-08-02 20:17:13,0.26511199754525927
55457,40223,99,99.0,1,0,0,Tech,Mobile,Afternoon,0,0,2024-06-24 02:15:05,1.0
35524,22982,756,756.0,0,0,0,Music,Desktop,Afternoon,0,0,2023-02-01 05:40:09,1.0
23884,45342,1470,1090.0,0,0,1,News,Mobile,Night,1,0,2023-12-06 07:20:48,0.7414965986394558
57700,13584,2666,1738.0,0,0,0,Education,Mobile,Afternoon,1,0,2024-10-31 17:46:51,0.6519129782445612
56846,38235,1701,753.0,0,1,0,Gaming,Mobile,Morning,0,1,2023-08-18 19:20:43,0.4426807760141093
27142,13344,405,405.0,1,0,1,Gaming,Desktop,Afternoon,0,0,2024-10-11 18:36:54,1.0
7991,40696,1327,113.0,0,0,0,Comedy,TV,Morning,0,1,2023-06-08 12:05:26,0.08515448379804069
36655,26253,2618,2618.0,0,0,0,Gaming,Mobile,Evening,0,0,2025-07-25 11:52:33,1.0
58719,12375,1948,1948.0,0,0,1,News,Tablet,Afternoon,0,0,2024-04-20 01:37:30,1.0
37551,28743,3031,2914.0,0,0,0,Education,Desktop,Afternoon,0,0,2023-11-16 05:12:11,0.9613988782580006
99452,49685,2371,474.0,0,1,0,Sports,Mobile,Afternoon,0,1,2025-03-18 22:31:35,0.19991564740615775
72634,180,1376,1376.0,1,0,0,Lifestyle,Tablet,Night,1,0,2023-01-13 18:43:18,1.0
51643,42855,2752,2631.0,0,0,0,Lifestyle,Tablet,Morning,1,0,2024-04-15 08:34:16,0.956031976744186
92207,40081,1420,702.0,1,0,0,Lifestyle,TV,Evening,0,0,2023-07-23 15:06:47,0.4943661971830986
81626,33981,3242,428.0,1,0,0,Tech,TV,Morning,1,0,2024-08-21 23:06:08,0.13201727328809376
83870,48824,3580,1319.0,0,0,0,News,Tablet,Afternoon,1,1,2024-08-11 06:39:42,0.3684357541899441
45827,18508,3172,1787.0,1,0,0,Gaming,Mobile,Night,0,0,2024-03-16 18:50:24,0.5633669609079445
18624,28920,2632,2632.0,0,0,0,Tech,Mobile,Night,0,1,2025-08-17 05:56:37,1.0
6842,45916,2820,1806.0,1,0,1,Lifestyle,Mobile,Evening,1,0,2024-12-26 04:44:31,0.6404255319148936
5741,996,3437,2609.0,0,0,0,Sports,Desktop,Afternoon,0,1,2025-04-09 21:47:53,0.7590922315973232
55886,38552,935,356.0,0,1,0,Lifestyle,Tablet,Morning,0,1,2023-04-09 18:56:43,0.38074866310160427
37186,36021,1623,1623.0,0,0,0,Tech,Tablet,Afternoon,0,0,2023-03-06 21:24:29,1.0
50124,22320,1969,18.0,0,0,0,Music,Mobile,Afternoon,1,0,2024-05-04 21:22:51,0.009141696292534281
2442,1753,3337,353.0,0,0,0,Gaming,Desktop,Afternoon,0,0,2024-07-10 02:45:29,0.10578363799820198
36108,21879,1338,1338.0,0,0,0,News,Tablet,Afternoon,1,0,2023-03-28 05:00:07,1.0
37166,1534,1117,1117.0,1,0,1,Sports,Mobile,Evening,1,0,2023-11-12 05:32:44,1.0
72072,23027,2363,2363.0,0,0,0,Tech,TV,Evening,0,0,2024-04-14 05:14:14,1.0
42058,34647,2588,391.0,1,0,0,Sports,Mobile,Morning,0,1,2023-01-26 02:19:13,0.15108191653786707
1810,12600,105,105.0,0,1,0,Sports,TV,Evening,1,1,2025-09-12 11:45:51,1.0
15524,38126,2494,2494.0,0,0,0,Sports,TV,Morning,0,1,2024-08-24 08:32:51,1.0
24680,14567,2072,1801.0,0,1,0,Lifestyle,Tablet,Night,0,0,2025-08-27 16:57:58,0.8692084942084942
91848,22890,3567,251.0,0,0,0,Sports,TV,Evening,0,1,2023-12-19 04:48:29,0.07036725539669189
30163,49910,1450,1450.0,1,0,0,Gaming,Tablet,Evening,0,0,2024-12-04 13:33:45,1.0
15610,36904,741,741.0,1,0,0,Sports,Mobile,Morning,1,0,2024-04-15 21:22:09,1.0
23816,42421,2477,1043.0,0,0,0,Sports,Tablet,Morning,0,1,2024-01-17 17:36:01,0.4210738796931772
43978,20129,1836,379.0,0,0,0,Sports,Desktop,Night,0,0,2024-03-07 06:36:58,0.20642701525054466
98471,15689,777,777.0,0,0,0,Lifestyle,Desktop,Afternoon,1,1,2024-10-16 17:21:22,1.0
26352,46914,1826,1826.0,1,1,0,Gaming,Mobile,Evening,1,1,2023-01-05 23:58:46,1.0
38694,22014,3447,30.0,0,0,0,News,TV,Night,0,1,2024-12-23 06:52:29,0.008703220191470844
76678,23074,178,178.0,1,0,0,Comedy,Tablet,Night,1,0,2025-03-29 00:17:43,1.0
66344,25839,2057,380.0,0,0,0,Comedy,Desktop,Evening,1,1,2023-05-08 09:38:39,0.18473505104521148
42003,45542,3489,1160.0,0,0,0,News,Tablet,Afternoon,0,0,2024-07-09 01:14:14,0.33247348810547434
29772,46669,2542,1655.0,1,0,0,Sports,Mobile,Night,1,0,2024-05-27 11:36:26,0.6510621557828482
87587,847,774,774.0,1,0,0,Education,TV,Morning,0,0,2024-03-22 23:48:02,1.0
60793,11841,1122,978.0,1,0,0,Sports,TV,Evening,0,1,2023-08-22 21:00:20,0.8716577540106952
20264,31182,1528,1528.0,0,0,0,Comedy,Tablet,Morning,0,0,2025-01-19 20:05:19,1.0
15951,25139,3158,3158.0,0,0,0,Sports,TV,Night,1,0,2023-01-09 15:20:02,1.0
72983,46497,305,96.0,0,0,0,Lifestyle,TV,Evening,0,0,2023-12-05 20:38:53,0.31475409836065577
26821,34312,1438,1090.0,0,0,0,Lifestyle,Mobile,Night,0,1,2025-01-30 05:43:49,0.7579972183588317
4601,31486,2904,932.0,1,0,0,Education,TV,Morning,1,0,2024-06-13 14:26:40,0.3209366391184573
68890,47741,1331,1331.0,0,0,0,Education,Desktop,Evening,1,0,2023-09-28 15:47:49,1.0
52514,17504,3274,1701.0,1,0,0,Comedy,Mobile,Evening,1,1,2025-05-29 05:29:48,0.5195479535736103
56169,16100,2952,2329.0,1,0,0,Comedy,Desktop,Morning,0,0,2023-01-19 07:08:04,0.7889566395663956
92371,11,1583,1583.0,1,0,0,Sports,Tablet,Evening,0,1,2024-02-02 05:19:16,1.0
13462,22498,2399,2399.0,0,0,0,Tech,Desktop,Morning,1,0,2025-06-15 04:13:04,1.0
49153,18667,2541,2541.0,0,0,0,Education,Mobile,Evening,1,0,2023-07-02 22:32:51,1.0
45611,48420,2757,1579.0,0,0,0,Education,Mobile,Morning,0,0,2023-11-27 10:52:45,0.5727239753355096
98942,46929,2763,1508.0,1,0,0,Lifestyle,Tablet,Evening,0,0,2025-02-11 03:51:57,0.5457835685848715
8897,16126,1036,565.0,0,0,0,Music,TV,Morning,0,0,2023-12-02 00:49:12,0.5453667953667953
76631,12015,1623,1623.0,0,0,0,Comedy,TV,Evening,1,1,2024-06-28 13:39:17,1.0
21546,23626,237,237.0,0,0,0,Sports,Tablet,Afternoon,0,1,2024-01-22 19:38:54,1.0
26282,34017,768,768.0,1,0,0,Music,Mobile,Night,1,0,2024-04-14 02:37:29,1.0
14335,43676,723,723.0,0,0,0,News,Tablet,Night,0,1,2024-01-19 00:18:52,1.0
17382,25902,771,771.0,1,0,0,Comedy,TV,Evening,0,1,2024-11-05 09:34:34,1.0
17392,46975,883,883.0,1,0,0,News,TV,Morning,0,1,2025-02-11 23:09:06,1.0
27621,1725,1088,1088.0,0,0,0,Education,Mobile,Morning,0,1,2023-10-16 15:24:06,1.0
15634,44692,582,352.0,0,0,0,Lifestyle,Tablet,Night,0,0,2023-06-20 03:06:02,0.6048109965635738
23801,36604,2773,1965.0,1,1,0,Comedy,TV,Morning,0,0,2024-08-19 02:50:01,0.70861882437793
14759,13312,1170,1170.0,0,0,0,Lifestyle,Desktop,Afternoon,1,0,2023-03-09 23:12:16,1.0
54990,43982,2576,2576.0,1,0,0,Tech,Tablet,Night,1,1,2023-06-21 02:47:32,1.0
99858,38949,2707,2707.0,0,0,0,Comedy,Mobile,Evening,0,1,2025-07-01 04:27:28,1.0
92039,37764,2128,1759.0,0,0,0,Gaming,TV,Evening,0,0,2023-07-19 10:24:49,0.8265977443609023
73079,43436,3461,3186.0,0,0,0,Gaming,Desktop,Evening,0,0,2023-09-02 14:41:03,0.9205431956082057
11991,20347,3012,2436.0,0,0,1,Tech,Desktop,Night,1,1,2024-04-02 15:48:13,0.8087649402390438
64518,25512,344,344.0,0,1,0,Education,TV,Morning,0,0,2024-01-23 14:56:09,1.0
33402,10960,2403,2375.0,1,0,0,Music,Desktop,Afternoon,0,0,2023-04-01 05:15:01,0.9883478984602581
64731,10996,1837,1837.0,0,1,0,News,TV,Afternoon,0,1,2024-12-19 00:54:06,1.0
16904,45447,2336,1312.0,0,0,0,Gaming,Mobile,Morning,1,0,2023-07-15 12:22:37,0.5616438356164384
65527,26456,3052,1570.0,0,0,0,Music,Tablet,Morning,0,0,2024-12-04 21:50:58,0.5144167758846658
13863,44715,1831,1026.0,1,0,0,Lifestyle,Tablet,Afternoon,0,0,2023-04-14 16:14:43,0.5603495357728018
66815,2555,211,211.0,1,0,0,News,Desktop,Afternoon,0,1,2024-10-20 02:24:36,1.0
46444,35066,224,224.0,0,0,0,Education,Desktop,Night,0,1,2024-04-20 11:02:24,1.0
37432,19654,601,98.0,1,0,0,News,Mobile,Morning,0,0,2023-04-30 16:29:41,0.16306156405990016
87351,9863,2161,2161.0,0,0,0,Music,Desktop,Night,1,1,2024-12-23 01:43:06,1.0
72985,36331,628,628.0,0,0,0,Comedy,Desktop,Afternoon,0,0,2025-03-27 00:18:35,1.0
3214,30916,993,993.0,0,1,0,Music,Tablet,Night,1,1,2025-02-20 17:24:11,1.0
80242,8755,3155,962.0,0,0,0,News,Mobile,Morning,0,1,2024-05-29 09:26:56,0.30491283676703645
74822,2350,2176,389.0,0,0,0,Sports,Desktop,Evening,0,0,2024-09-18 22:49:09,0.17876838235294118
29934,29022,3400,1006.0,0,0,0,News,Mobile,Night,0,0,2024-11-29 16:09:17,0.2958823529411765
40101,40415,2602,2304.0,0,0,0,Gaming,Tablet,Afternoon,1,1,2025-09-17 15:28:50,0.8854727132974635
47253,5828,448,448.0,1,0,0,Music,TV,Afternoon,0,0,2024-10-06 14:50:39,1.0
56352,12042,225,225.0,0,0,0,Lifestyle,Mobile,Morning,1,0,2023-04-24 16:15:55,1.0
26805,47892,1697,586.0,0,0,0,Music,Mobile,Night,0,0,2023-05-25 14:38:33,0.34531526222746023
4852,36427,1666,1666.0,1,0,0,Music,Tablet,Morning,0,0,2023-09-12 06:26:23,1.0
8507,30688,503,503.0,0,0,0,Tech,Tablet,Afternoon,0,0,2023-08-05 04:51:35,1.0
80607,21258,1847,1847.0,1,0,0,Music,TV,Evening,0,0,2024-08-11 12:00:47,1.0
33617,618,3244,583.0,0,0,0,News,TV,Night,1,0,2024-04-18 18:12:15,0.17971639950678175
31704,31283,2698,1338.0,0,0,0,Lifestyle,Tablet,Night,1,0,2023-04-27 21:06:13,0.49592290585618976
12201,7426,2678,1139.0,0,0,0,Education,Tablet,Afternoon,0,0,2023-12-08 09:59:55,0.4253174010455564
10581,12336,429,429.0,1,0,0,Tech,TV,Evening,0,1,2023-06-24 00:36:42,1.0
74631,17345,2521,1463.0,0,0,0,Music,TV,Evening,0,0,2023-08-02 05:06:46,0.5803252677508925
48586,7968,1969,1969.0,0,0,0,Music,Desktop,Night,0,0,2023-05-04 04:26:37,1.0
11946,49538,3226,680.0,1,0,0,Music,Mobile,Morning,0,0,2025-07-31 13:19:56,0.21078735275883448
79653,21920,500,500.0,1,0,0,Gaming,TV,Morning,0,0,2023-05-13 22:22:15,1.0
68711,8413,465,465.0,0,0,0,Comedy,TV,Afternoon,1,0,2024-01-05 00:57:26,1.0
19978,47485,1991,1991.0,0,0,0,Lifestyle,Tablet,Night,1,0,2024-05-28 07:36:03,1.0
34519,32594,1578,1578.0,0,0,1,Education,Tablet,Evening,0,0,2023-10-09 15:57:25,1.0
75181,39163,2453,1410.0,0,0,0,Sports,Desktop,Afternoon,0,0,2023-09-25 22:36:55,0.5748063595597228
41001,47765,2088,2088.0,1,0,0,Education,Desktop,Morning,0,0,2024-11-16 08:17:56,1.0
11749,34355,899,212.0,0,0,0,Sports,TV,Evening,0,0,2025-05-14 06:21:41,0.23581757508342602
60602,16571,501,501.0,0,1,0,Education,TV,Evening,1,1,2025-07-24 00:49:20,1.0
5112,35058,2931,1322.0,0,0,0,Education,Mobile,Afternoon,1,0,2024-11-03 18:56:45,0.45104060047765265
55611,33048,1454,1454.0,0,0,0,Lifestyle,Mobile,Morning,1,1,2023-04-29 18:25:35,1.0
55670,3396,1624,1585.0,0,0,0,Music,Tablet,Afternoon,0,1,2024-09-17 08:38:33,0.9759852216748769
56624,41148,2143,888.0,1,1,0,Music,Desktop,Afternoon,0,1,2023-08-06 19:19:52,0.4143723751749883
91578,48425,1916,1916.0,0,0,0,Comedy,TV,Evening,0,0,2023-04-22 02:42:25,1.0
92101,10947,3167,906.0,1,0,0,Education,TV,Night,0,1,2024-05-16 10:17:04,0.2860751499842122
25502,42407,3112,1722.0,1,0,0,Education,Tablet,Morning,1,1,2024-06-14 20:49:42,0.5533419023136247
78420,10636,2311,1212.0,0,1,0,Education,Tablet,Night,1,1,2025-02-27 09:39:43,0.5244482907832108
65261,22619,346,346.0,0,0,0,Tech,Mobile,Evening,1,0,2025-09-27 00:21:09,1.0
45529,34318,3275,163.0,1,0,0,Tech,Desktop,Night,1,1,2023-11-28 20:36:41,0.04977099236641221
55978,35781,3208,1595.0,0,0,0,Gaming,Mobile,Morning,1,0,2023-05-17 05:45:42,0.4971945137157107
95215,30310,1852,154.0,0,0,0,News,Desktop,Afternoon,0,1,2024-05-05 11:56:11,0.08315334773218143
25650,24840,2915,2288.0,0,0,0,Sports,Tablet,Afternoon,0,1,2024-11-02 08:05:35,0.7849056603773585
5923,46165,324,51.0,1,0,0,News,Tablet,Night,1,0,2023-10-30 14:07:36,0.1574074074074074
61510,39765,1111,512.0,0,0,0,Lifestyle,Tablet,Night,0,0,2023-02-23 09:43:25,0.4608460846084608
39923,13842,1152,424.0,0,0,0,Education,Tablet,Evening,1,1,2025-01-10 19:14:49,0.3680555555555556
12589,42139,449,449.0,0,0,1,News,Desktop,Afternoon,0,0,2023-11-16 02:27:38,1.0
9160,9069,214,214.0,0,0,0,Education,TV,Evening,0,0,2024-10-03 11:17:33,1.0
41345,25108,2230,2230.0,0,1,1,News,Desktop,Night,0,1,2024-12-21 10:51:05,1.0
77169,27067,722,722.0,0,0,0,Sports,TV,Morning,0,0,2024-09-17 20:55:43,1.0
55351,33673,2815,1127.0,1,0,0,Sports,TV,Evening,0,1,2025-05-31 04:57:11,0.4003552397868561
59446,2040,229,229.0,1,0,1,Music,Tablet,Night,0,1,2023-09-20 16:15:43,1.0
91522,39206,866,866.0,0,0,0,News,Desktop,Afternoon,1,0,2023-09-11 13:26:15,1.0
11305,19072,2403,172.0,0,0,1,News,TV,Morning,0,0,2024-11-08 05:33:39,0.0715771951727008
56942,45227,544,500.0,1,0,0,Education,Tablet,Evening,0,0,2025-09-15 16:32:13,0.9191176470588235
69056,40179,3448,3448.0,0,0,1,News,TV,Night,0,1,2023-03-10 11:34:11,1.0
54516,25788,694,694.0,0,1,0,News,TV,Afternoon,0,1,2025-01-04 22:13:42,1.0
87384,11293,1280,551.0,0,0,0,Gaming,TV,Night,1,0,2024-12-29 00:49:58,0.43046875
61657,20626,3040,3040.0,0,0,0,Music,Mobile,Night,0,0,2023-06-11 15:44:56,1.0
44127,8689,111,111.0,0,0,0,News,Desktop,Afternoon,0,0,2023-11-29 07:01:25,1.0
90324,19666,948,948.0,0,0,0,Education,Desktop,Afternoon,1,0,2025-09-10 06:37:48,1.0
56891,14261,2664,2664.0,0,1,0,Education,Desktop,Night,1,0,2024-07-17 03:28:04,1.0
19213,23129,1690,1690.0,0,0,0,Comedy,TV,Night,0,0,2024-05-12 09:09:41,1.0
22127,13744,88,88.0,0,0,0,Gaming,Tablet,Night,1,1,2025-08-30 15:38:57,1.0
5039,32792,1139,1139.0,0,0,0,Music,TV,Night,0,0,2023-04-05 22:42:07,1.0
32783,47829,2810,2810.0,0,0,0,Music,TV,Night,0,0,2025-02-06 10:11:52,1.0
60291,2904,2762,2762.0,0,0,0,Education,Desktop,Night,0,0,2024-10-06 06:25:57,1.0
17214,16602,405,405.0,0,0,0,Education,Tablet,Afternoon,0,1,2025-08-12 15:31:25,1.0
48482,39180,3591,3245.0,0,0,0,Lifestyle,Mobile,Morning,0,1,2023-07-04 15:11:44,0.9036480089111668
47836,2041,112,112.0,0,0,0,Lifestyle,Mobile,Afternoon,0,0,2025-04-16 15:32:49,1.0
54360,34349,2855,247.0,0,0,0,Lifestyle,Mobile,Afternoon,0,0,2025-04-11 20:22:44,0.08651488616462347
12718,40649,2600,1660.0,0,0,0,Tech,Mobile,Morning,1,0,2023-08-28 15:08:57,0.6384615384615384
35956,14211,200,200.0,0,0,0,Lifestyle,Mobile,Evening,1,0,2025-05-16 06:38:40,1.0
76834,13686,435,435.0,0,0,0,News,Mobile,Afternoon,1,0,2024-12-27 19:23:52,1.0
80707,39718,3064,487.0,1,0,0,Lifestyle,Mobile,Evening,0,0,2024-11-09 04:27:13,0.1589425587467363
1204,37704,461,461.0,0,0,0,Sports,Tablet,Afternoon,1,0,2024-09-14 18:49:51,1.0
42312,21327,188,188.0,0,0,1,Education,Tablet,Evening,1,0,2024-01-11 17:59:51,1.0
18117,49284,1035,1035.0,1,0,0,News,TV,Afternoon,1,1,2023-10-02 04:21:37,1.0
8411,12226,3053,1764.0,0,0,0,Sports,TV,Evening,0,0,2024-05-04 12:41:54,0.5777923354077956
36409,20834,2497,2318.0,0,0,0,Music,Mobile,Morning,1,0,2024-03-30 06:38:21,0.9283139767721266
83117,45945,2182,372.0,0,0,0,Sports,TV,Evening,1,1,2025-08-01 20:26:40,0.17048579285059579
47215,141,3540,453.0,0,0,0,Sports,Mobile,Evening,1,1,2023-11-13 16:18:07,0.12796610169491526
4597,14407,3472,572.0,0,0,1,Sports,Tablet,Evening,1,0,2025-09-19 03:02:22,0.16474654377880185
67562,44769,122,122.0,0,0,0,Gaming,Mobile,Evening,1,0,2023-03-19 03:32:08,1.0
67206,3575,2883,629.0,0,0,0,Gaming,Desktop,Morning,0,1,2024-10-02 06:29:09,0.21817551161984045
50437,808,1964,1073.0,0,0,0,Music,Mobile,Afternoon,1,0,2024-06-15 05:13:27,0.5463340122199593
904,29451,78,5.0,0,0,0,Education,Mobile,Morning,1,0,2023-12-26 08:35:56,0.0641025641025641
59739,1500,3340,2711.0,0,1,0,Sports,Mobile,Afternoon,0,0,2024-06-09 07:12:13,0.8116766467065868
44781,5495,888,888.0,0,0,0,Music,Mobile,Evening,0,0,2023-02-14 14:36:42,1.0
93479,17515,1711,1711.0,0,0,0,Lifestyle,Tablet,Afternoon,1,0,2023-07-08 13:19:06,1.0
38319,30998,1953,1953.0,0,0,0,Sports,Tablet,Night,1,0,2025-07-01 10:45:04,1.0
78241,33993,2619,729.0,1,1,0,News,Mobile,Afternoon,0,0,2025-02-15 19:44:54,0.27835051546391754
26084,35565,665,665.0,0,0,1,Comedy,Mobile,Evening,0,0,2023-03-17 06:25:17,1.0
44663,28809,3033,1885.0,0,0,0,Education,TV,Night,0,1,2025-07-17 13:03:15,0.621496867787669
27518,44476,72,72.0,0,0,0,Lifestyle,Tablet,Evening,1,1,2025-08-24 00:32:53,1.0
43527,9964,2448,837.0,1,0,0,Comedy,Mobile,Evening,0,0,2023-01-06 11:50:18,0.34191176470588236
